SF,LF1,PROB1,LF2,PROB2,LF3,PROB3,LF4,PROB4,LF5,PROB5,LF6,PROB6,LF7,PROB7,LF8,PROB8,LF9,PROB9,LF10,PROB10,LF11,PROB11,LF12,PROB12,LF13,PROB13,LF14,PROB14,LF15,PROB15,LF16,PROB16,LF17,PROB17,LF18,PROB18,LF19,PROB19,LF20,PROB20,LF21,PROB21,LF22,PROB22,LF23,PROB23,LF24,PROB24,LF25,PROB25,LF26,PROB26,LF27,PROB27,LF28,PROB28,LF29,PROB29,LF30,PROB30,LF31,PROB31,LF32,PROB32,LF33,PROB33,LF34,PROB34,LF35,PROB35,LF36,PROB36,LF37,PROB37,LF38,PROB38,LF39,PROB39,LF40,PROB40,LF41,PROB41,LF42,PROB42,LF43,PROB43,LF44,PROB44,LF45,PROB45,LF46,PROB46,LF47,PROB47,LF48,PROB48,LF49,PROB49,LF50,PROB50,LF51,PROB51,LF52,PROB52,LF53,PROB53,LF54,PROB54,LF55,PROB55,LF56,PROB56,LF57,PROB57,LF58,PROB58,LF59,PROB59,LF60,PROB60,LF61,PROB61,LF62,PROB62,LF63,PROB63,LF64,PROB64,LF65,PROB65,LF66,PROB66,LF67,PROB67,LF68,PROB68,LF69,PROB69,LF70,PROB70,LF71,PROB71,LF72,PROB72,LF73,PROB73,LF74,PROB74,LF75,PROB75,LF76,PROB76,LF77,PROB77,LF78,PROB78,LF79,PROB79,LF80,PROB80,LF81,PROB81,LF82,PROB82,LF83,PROB83,LF84,PROB84,LF85,PROB85,LF86,PROB86,LF87,PROB87,LF88,PROB88,LF89,PROB89,LF90,PROB90,LF91,PROB91,LF92,PROB92,LF93,PROB93,LF94,PROB94,LF95,PROB95,LF96,PROB96,LF97,PROB97,LF98,PROB98,LF99,PROB99,LF100,PROB100,LF101,PROB101,LF102,PROB102,LF103,PROB103,LF104,PROB104,LF105,PROB105,LF106,PROB106,LF107,PROB107,LF108,PROB108,LF109,PROB109,LF110,PROB110,LF111,PROB111,LF112,PROB112,LF113,PROB113,LF114,PROB114,LF115,PROB115,LF116,PROB116,LF117,PROB117,LF118,PROB118,LF119,PROB119,LF120,PROB120,LF121,PROB121,LF122,PROB122,LF123,PROB123,LF124,PROB124,LF125,PROB125,LF126,PROB126,LF127,PROB127,LF128,PROB128,LF129,PROB129,LF130,PROB130,LF131,PROB131,LF132,PROB132,LF133,PROB133,LF134,PROB134,LF135,PROB135,LF136,PROB136,LF137,PROB137,LF138,PROB138,LF139,PROB139,LF140,PROB140,LF141,PROB141,LF142,PROB142,LF143,PROB143,LF144,PROB144,LF145,PROB145,LF146,PROB146,LF147,PROB147,LF148,PROB148,LF149,PROB149,LF150,PROB150,LF151,PROB151,LF152,PROB152,LF153,PROB153,LF154,PROB154,LF155,PROB155,LF156,PROB156,LF157,PROB157,LF158,PROB158,LF159,PROB159,LF160,PROB160,LF161,PROB161,LF162,PROB162,LF163,PROB163,LF164,PROB164,LF165,PROB165,LF166,PROB166,LF167,PROB167,LF168,PROB168,LF169,PROB169,LF170,PROB170,LF171,PROB171,LF172,PROB172,LF173,PROB173,LF174,PROB174,LF175,PROB175,LF176,PROB176,LF177,PROB177,LF178,PROB178,LF179,PROB179,LF180,PROB180,LF181,PROB181,LF182,PROB182,LF183,PROB183,LF184,PROB184,LF185,PROB185,LF186,PROB186,LF187,PROB187,LF188,PROB188,LF189,PROB189,LF190,PROB190,LF191,PROB191,LF192,PROB192,LF193,PROB193,LF194,PROB194,LF195,PROB195,LF196,PROB196,LF197,PROB197,LF198,PROB198,LF199,PROB199,LF200,PROB200,LF201,PROB201,LF202,PROB202,LF203,PROB203,LF204,PROB204,LF205,PROB205,LF206,PROB206,LF207,PROB207,LF208,PROB208,LF209,PROB209,LF210,PROB210,LF211,PROB211,LF212,PROB212,LF213,PROB213,LF214,PROB214,LF215,PROB215,LF216,PROB216,LF217,PROB217,LF218,PROB218,LF219,PROB219,LF220,PROB220,LF221,PROB221,LF222,PROB222,LF223,PROB223,LF224,PROB224,LF225,PROB225,LF226,PROB226,LF227,PROB227,LF228,PROB228,LF229,PROB229,LF230,PROB230,LF231,PROB231,LF232,PROB232,LF233,PROB233,LF234,PROB234,LF235,PROB235,LF236,PROB236,LF237,PROB237,LF238,PROB238,LF239,PROB239,LF240,PROB240,LF241,PROB241,LF242,PROB242,LF243,PROB243,LF244,PROB244,LF245,PROB245,LF246,PROB246,LF247,PROB247,LF248,PROB248,LF249,PROB249,LF250,PROB250,LF251,PROB251,LF252,PROB252,LF253,PROB253,LF254,PROB254,LF255,PROB255,LF256,PROB256,LF257,PROB257,LF258,PROB258,LF259,PROB259,LF260,PROB260,LF261,PROB261,LF262,PROB262,LF263,PROB263,LF264,PROB264,LF265,PROB265,LF266,PROB266,LF267,PROB267,LF268,PROB268,LF269,PROB269,LF270,PROB270,LF271,PROB271,LF272,PROB272,LF273,PROB273,LF274,PROB274,LF275,PROB275,LF276,PROB276,LF277,PROB277,LF278,PROB278,LF279,PROB279,LF280,PROB280,LF281,PROB281,LF282,PROB282,LF283,PROB283,LF284,PROB284,LF285,PROB285,LF286,PROB286,LF287,PROB287,LF288,PROB288,LF289,PROB289,LF290,PROB290,LF291,PROB291,LF292,PROB292,LF293,PROB293,LF294,PROB294,LF295,PROB295,LF296,PROB296,LF297,PROB297,LF298,PROB298,LF299,PROB299,LF300,PROB300,LF301,PROB301,LF302,PROB302,LF303,PROB303,LF304,PROB304,LF305,PROB305,LF306,PROB306,LF307,PROB307,LF308,PROB308,LF309,PROB309,LF310,PROB310,LF311,PROB311,LF312,PROB312,LF313,PROB313,LF314,PROB314,LF315,PROB315,LF316,PROB316,LF317,PROB317,LF318,PROB318,LF319,PROB319,LF320,PROB320,LF321,PROB321,LF322,PROB322,LF323,PROB323,LF324,PROB324,LF325,PROB325
Sgr,Sergeant,0.8406284143,Sergeant Unit Supervisor,0.8179130072,Court Security Sergeant,0.8166626109,Ranger,0.813417027,Group Supervisor,0.8132037228,Sergeant Detective,0.813084207,Senior Investigator,0.8124294095,Commander,0.811603477,Station Officer,0.8069074253,Trooper,0.8050283028,Officer,0.804485267,Sheriff,0.8041349015,Service Officer,0.802344812,Colonel,0.8004689959,Special Agent In Charge,0.8002266539,Supervisor,0.8001954097,Superintendant,0.8001941191,Senior Special Agent,0.7995892881,Investigator,0.7988294804,Master Trooper,0.7988100505,Major,0.7988088679,Senior Dispatch,0.7978637915,Special Agent,0.7974515638,Special Investigator,0.7965003132,Lieutenant,0.7964961842,School Resource Officer,0.796399028,Director,0.7959357193,Corporal,0.7948950505,Safety Officer,0.7942841437,Patrol Officer,0.7940210138,,,,,,,,,,,,,,,,,,,,,,,,,,,,,,,,,,,,,,,,,,,,,,,,,,,,,,,,,,,,,,,,,,,,,,,,,,,,,,,,,,,,,,,,,,,,,,,,,,,,,,,,,,,,,,,,,,,,,,,,,,,,,,,,,,,,,,,,,,,,,,,,,,,,,,,,,,,,,,,,,,,,,,,,,,,,,,,,,,,,,,,,,,,,,,,,,,,,,,,,,,,,,,,,,,,,,,,,,,,,,,,,,,,,,,,,,,,,,,,,,,,,,,,,,,,,,,,,,,,,,,,,,,,,,,,,,,,,,,,,,,,,,,,,,,,,,,,,,,,,,,,,,,,,,,,,,,,,,,,,,,,,,,,,,,,,,,,,,,,,,,,,,,,,,,,,,,,,,,,,,,,,,,,,,,,,,,,,,,,,,,,,,,,,,,,,,,,,,,,,,,,,,,,,,,,,,,,,,,,,,,,,,,,,,,,,,,,,,,,,,,,,,,,,,,,,,,,,,,,,,,,,,,,,,,,,,,,,,,,,,,,,,,,,,,,,,,,,,,,,,,,,,,,,,,,,,,,,,,,,,,,,,,,,,,,,,,,,,,,,,,,,,,,,,,,,,,,,,,,,,,,,,,,,,,,,,,,,,,,,,,,,,,,,,,
Patrol Officer I,Patrol Officer,0.9474594754,Master Patrol Officer,0.8987299911,Officer,0.8853524021,Station Officer,0.8802641188,Service Officer,0.8788713969,Warrant Officer,0.8746728004,Trooper,0.8733395621,Parole Officer,0.8712378681,Corrections Officer,0.8691004781,Training Officer,0.865516238,Technical Trooper,0.8635835163,Drug Enforcement Officer,0.8616077856,Conservation Officer,0.8603270302,Security Officer,0.8578105719,Enforcement Agent,0.8565162245,Detective Corporal,0.8559839969,Safety Officer,0.855545834,Special Agent Inspector,0.8553574062,Sergeant,0.8547826043,Special Agent Supervisor,0.853804234,Detective Lieutenant,0.8529428564,Sergeant Detective,0.8524457008,Special Agent,0.8493038287,Sheriff Deputy,0.8476703711,Sergeant Unit Supervisor,0.8454592247,Lieutenant,0.8441773003,Court Security Officer,0.8420185783,Assistant Supervisory Special Agent,0.8416402931,Investigator,0.8404242288,Master Trooper,0.8390531507,,,,,,,,,,,,,,,,,,,,,,,,,,,,,,,,,,,,,,,,,,,,,,,,,,,,,,,,,,,,,,,,,,,,,,,,,,,,,,,,,,,,,,,,,,,,,,,,,,,,,,,,,,,,,,,,,,,,,,,,,,,,,,,,,,,,,,,,,,,,,,,,,,,,,,,,,,,,,,,,,,,,,,,,,,,,,,,,,,,,,,,,,,,,,,,,,,,,,,,,,,,,,,,,,,,,,,,,,,,,,,,,,,,,,,,,,,,,,,,,,,,,,,,,,,,,,,,,,,,,,,,,,,,,,,,,,,,,,,,,,,,,,,,,,,,,,,,,,,,,,,,,,,,,,,,,,,,,,,,,,,,,,,,,,,,,,,,,,,,,,,,,,,,,,,,,,,,,,,,,,,,,,,,,,,,,,,,,,,,,,,,,,,,,,,,,,,,,,,,,,,,,,,,,,,,,,,,,,,,,,,,,,,,,,,,,,,,,,,,,,,,,,,,,,,,,,,,,,,,,,,,,,,,,,,,,,,,,,,,,,,,,,,,,,,,,,,,,,,,,,,,,,,,,,,,,,,,,,,,,,,,,,,,,,,,,,,,,,,,,,,,,,,,,,,,,,,,,,,,,,,,,,,,,,,,,,,,,,,,,,,,,,,,,,,
Chf,Chief,0.7861314812,Major,0.7823512289,Commander,0.7820565443,Trooper,0.78058545,Others,0.7789928035,Dispatch,0.7783523636,Corporal,0.7780644722,Sheriff,0.7766226626,Supervisor,0.77609509,Ranger,0.7760098595,Marshall,0.7759325571,Assistant Chief,0.7746306533,Property,0.7740520793,Colonel,0.7720994407,Deputy,0.7718904613,Trainee,0.7717816528,Fire Marshall,0.7716286672,Manager,0.770962662,Admin,0.7705727175,Acting Chief,0.7696152536,Director,0.7695774996,Officer,0.7693049111,Safety Officer,0.7689433658,Sergeant,0.7689087811,Captain,0.7685035703,Deputy Fire Marshal,0.7659029248,Lieutenant,0.7636914827,Lieutenant Colonel,0.7634182653,Records,0.7629518108,Sheriff Deputy,0.7629411972,,,,,,,,,,,,,,,,,,,,,,,,,,,,,,,,,,,,,,,,,,,,,,,,,,,,,,,,,,,,,,,,,,,,,,,,,,,,,,,,,,,,,,,,,,,,,,,,,,,,,,,,,,,,,,,,,,,,,,,,,,,,,,,,,,,,,,,,,,,,,,,,,,,,,,,,,,,,,,,,,,,,,,,,,,,,,,,,,,,,,,,,,,,,,,,,,,,,,,,,,,,,,,,,,,,,,,,,,,,,,,,,,,,,,,,,,,,,,,,,,,,,,,,,,,,,,,,,,,,,,,,,,,,,,,,,,,,,,,,,,,,,,,,,,,,,,,,,,,,,,,,,,,,,,,,,,,,,,,,,,,,,,,,,,,,,,,,,,,,,,,,,,,,,,,,,,,,,,,,,,,,,,,,,,,,,,,,,,,,,,,,,,,,,,,,,,,,,,,,,,,,,,,,,,,,,,,,,,,,,,,,,,,,,,,,,,,,,,,,,,,,,,,,,,,,,,,,,,,,,,,,,,,,,,,,,,,,,,,,,,,,,,,,,,,,,,,,,,,,,,,,,,,,,,,,,,,,,,,,,,,,,,,,,,,,,,,,,,,,,,,,,,,,,,,,,,,,,,,,,,,,,,,,,,,,,,,,,,,,,,,,,,,,,,,
Deputy I,Deputy,0.9389590034,Chief Deputy,0.8930989878,Deputy Marshall,0.8904726504,Supervisory Deputy,0.8863491496,Sheriff Deputy,0.886294534,Deputy Bailiff,0.8812241206,Deputy Director,0.8811577394,Master Deputy,0.8747379736,Deputy Fire Marshal,0.8620274201,Deputy/Forensic Scientist,0.853464607,Sheriff,0.8448600389,Undersheriff,0.8396068351,Supervisor,0.8287057206,Detective Lieutenant,0.8282907676,Assistant Marshal,0.8279401039,Detective Corporal,0.8278376833,Officer,0.8273699949,Lieutenant,0.8251530125,Trooper,0.824958534,Detective Major,0.8234650538,Colonel,0.8217624743,Senior Investigator,0.8213084661,Sergeant,0.8205980407,Chief Investigator,0.8203978154,Assistant Chief,0.8197031769,Detective,0.8187077107,Investigator,0.8169001152,Station Officer,0.8167630059,Sergeant Detective,0.816727313,Superintendant,0.8161802699,,,,,,,,,,,,,,,,,,,,,,,,,,,,,,,,,,,,,,,,,,,,,,,,,,,,,,,,,,,,,,,,,,,,,,,,,,,,,,,,,,,,,,,,,,,,,,,,,,,,,,,,,,,,,,,,,,,,,,,,,,,,,,,,,,,,,,,,,,,,,,,,,,,,,,,,,,,,,,,,,,,,,,,,,,,,,,,,,,,,,,,,,,,,,,,,,,,,,,,,,,,,,,,,,,,,,,,,,,,,,,,,,,,,,,,,,,,,,,,,,,,,,,,,,,,,,,,,,,,,,,,,,,,,,,,,,,,,,,,,,,,,,,,,,,,,,,,,,,,,,,,,,,,,,,,,,,,,,,,,,,,,,,,,,,,,,,,,,,,,,,,,,,,,,,,,,,,,,,,,,,,,,,,,,,,,,,,,,,,,,,,,,,,,,,,,,,,,,,,,,,,,,,,,,,,,,,,,,,,,,,,,,,,,,,,,,,,,,,,,,,,,,,,,,,,,,,,,,,,,,,,,,,,,,,,,,,,,,,,,,,,,,,,,,,,,,,,,,,,,,,,,,,,,,,,,,,,,,,,,,,,,,,,,,,,,,,,,,,,,,,,,,,,,,,,,,,,,,,,,,,,,,,,,,,,,,,,,,,,,,,,,,,,,,,
Detective Ii,Detective,0.9143448239,Sergeant Detective,0.897804984,Captain Detective,0.893782748,Detective Lieutenant,0.8894761808,Detective Major,0.8884929285,Detective Corporal,0.8836556213,Chief Investigator,0.8777213183,Investigator,0.8762027804,Crime Scene Investigator,0.8746042169,Special Agent Inspector,0.8628987703,Special Investigator,0.8611594068,Senior Investigator,0.8605368606,Special Agent,0.8432830286,Patrol Officer,0.8386902064,Inspector,0.8364569429,Sergeant,0.8364128918,Sheriff,0.8340272052,Trooper,0.8305908746,Sheriff Deputy,0.8304516415,Senior Special Agent,0.826328948,Director,0.8263253446,Officer,0.8261315438,Station Officer,0.8231322933,Enforcement Agent,0.8224379723,Lieutenant,0.821594548,Special Agent In Charge,0.8185847377,Deputy/Forensic Scientist,0.818186619,Master Patrol Officer,0.8167881732,Drug Enforcement Officer,0.8160668853,Special Agent Supervisor,0.8157119037,,,,,,,,,,,,,,,,,,,,,,,,,,,,,,,,,,,,,,,,,,,,,,,,,,,,,,,,,,,,,,,,,,,,,,,,,,,,,,,,,,,,,,,,,,,,,,,,,,,,,,,,,,,,,,,,,,,,,,,,,,,,,,,,,,,,,,,,,,,,,,,,,,,,,,,,,,,,,,,,,,,,,,,,,,,,,,,,,,,,,,,,,,,,,,,,,,,,,,,,,,,,,,,,,,,,,,,,,,,,,,,,,,,,,,,,,,,,,,,,,,,,,,,,,,,,,,,,,,,,,,,,,,,,,,,,,,,,,,,,,,,,,,,,,,,,,,,,,,,,,,,,,,,,,,,,,,,,,,,,,,,,,,,,,,,,,,,,,,,,,,,,,,,,,,,,,,,,,,,,,,,,,,,,,,,,,,,,,,,,,,,,,,,,,,,,,,,,,,,,,,,,,,,,,,,,,,,,,,,,,,,,,,,,,,,,,,,,,,,,,,,,,,,,,,,,,,,,,,,,,,,,,,,,,,,,,,,,,,,,,,,,,,,,,,,,,,,,,,,,,,,,,,,,,,,,,,,,,,,,,,,,,,,,,,,,,,,,,,,,,,,,,,,,,,,,,,,,,,,,,,,,,,,,,,,,,,,,,,,,,,,,,,,,,,
Maj,Major,0.884851961,Detective Major,0.8604810083,Colonel,0.8441598265,Acting Major,0.8428941361,Master Trooper,0.8389653765,Lieutenant,0.8340768742,Sergeant,0.8339247686,Chief,0.8338963278,Commander,0.8312582526,Admin,0.8278324115,Captain,0.8230928155,Director,0.8223343323,Manager,0.8220874696,Captain Detective,0.8213487504,Ranger,0.8212274582,Lieutenant Colonel,0.8201084272,Master Deputy,0.8191128514,Corporal,0.8187164484,Officer,0.818094764,Sheriff,0.8174505552,Marshall,0.8170758274,Assistant Marshal,0.8169777347,Supervisor,0.815758374,Trooper,0.8155957118,Detective,0.8122333035,Detective Lieutenant,0.8120638674,Special Agent,0.8102982111,Special Agent Inspector,0.8077312251,Inspector,0.8076567242,Senior Investigator,0.8075430236,,,,,,,,,,,,,,,,,,,,,,,,,,,,,,,,,,,,,,,,,,,,,,,,,,,,,,,,,,,,,,,,,,,,,,,,,,,,,,,,,,,,,,,,,,,,,,,,,,,,,,,,,,,,,,,,,,,,,,,,,,,,,,,,,,,,,,,,,,,,,,,,,,,,,,,,,,,,,,,,,,,,,,,,,,,,,,,,,,,,,,,,,,,,,,,,,,,,,,,,,,,,,,,,,,,,,,,,,,,,,,,,,,,,,,,,,,,,,,,,,,,,,,,,,,,,,,,,,,,,,,,,,,,,,,,,,,,,,,,,,,,,,,,,,,,,,,,,,,,,,,,,,,,,,,,,,,,,,,,,,,,,,,,,,,,,,,,,,,,,,,,,,,,,,,,,,,,,,,,,,,,,,,,,,,,,,,,,,,,,,,,,,,,,,,,,,,,,,,,,,,,,,,,,,,,,,,,,,,,,,,,,,,,,,,,,,,,,,,,,,,,,,,,,,,,,,,,,,,,,,,,,,,,,,,,,,,,,,,,,,,,,,,,,,,,,,,,,,,,,,,,,,,,,,,,,,,,,,,,,,,,,,,,,,,,,,,,,,,,,,,,,,,,,,,,,,,,,,,,,,,,,,,,,,,,,,,,,,,,,,,,,,,,,,,
Spty,Property,0.8070547156,Sergeant,0.8066365166,Corporal,0.7993638899,Others,0.795567212,Sergeant Detective,0.7948837657,Marshall,0.7936992226,Sergeant Unit Supervisor,0.792551582,Trooper,0.7916453386,Special Agent,0.7913556617,Detective Corporal,0.7891516147,Inspector,0.7885508499,Dispatch,0.7866841279,Master Trooper,0.7863052583,Technical Trooper,0.7853067993,Colonel,0.785295309,Detective,0.785081708,Trainee,0.7848834695,Records,0.7835809355,Senior Special Agent,0.7828865328,Admin,0.7828565009,Supervisor,0.7823315638,Special Investigator,0.7818740023,Special Agent Inspector,0.7813690075,Patrol Officer,0.7811166745,Station Officer,0.7807203325,Investigator,0.7803801713,Sheriff,0.780084976,Safety Officer,0.7797572443,Director,0.7796350602,Analyst,0.7782395561,,,,,,,,,,,,,,,,,,,,,,,,,,,,,,,,,,,,,,,,,,,,,,,,,,,,,,,,,,,,,,,,,,,,,,,,,,,,,,,,,,,,,,,,,,,,,,,,,,,,,,,,,,,,,,,,,,,,,,,,,,,,,,,,,,,,,,,,,,,,,,,,,,,,,,,,,,,,,,,,,,,,,,,,,,,,,,,,,,,,,,,,,,,,,,,,,,,,,,,,,,,,,,,,,,,,,,,,,,,,,,,,,,,,,,,,,,,,,,,,,,,,,,,,,,,,,,,,,,,,,,,,,,,,,,,,,,,,,,,,,,,,,,,,,,,,,,,,,,,,,,,,,,,,,,,,,,,,,,,,,,,,,,,,,,,,,,,,,,,,,,,,,,,,,,,,,,,,,,,,,,,,,,,,,,,,,,,,,,,,,,,,,,,,,,,,,,,,,,,,,,,,,,,,,,,,,,,,,,,,,,,,,,,,,,,,,,,,,,,,,,,,,,,,,,,,,,,,,,,,,,,,,,,,,,,,,,,,,,,,,,,,,,,,,,,,,,,,,,,,,,,,,,,,,,,,,,,,,,,,,,,,,,,,,,,,,,,,,,,,,,,,,,,,,,,,,,,,,,,,,,,,,,,,,,,,,,,,,,,,,,,,,,,,,,
Cp,Corporal,0.8032519788,Property,0.7997424438,Captain Detective,0.7975565614,Detective Corporal,0.794768255,Detective,0.7874401031,Captain,0.7862172387,Trooper,0.7838648872,Crime Scene Investigator,0.7835223447,Chief,0.7816441647,Officer,0.7807077024,Investigator,0.7806401868,Patrol Officer,0.7804847658,Acting Captain,0.7799833875,Sergeant,0.7798313695,Special Agent In Charge,0.7792934089,Director,0.7791823112,Special Agent,0.7790781207,Chief Investigator,0.777774953,Colonel,0.7755485244,Inspector,0.7747681715,Ranger,0.7747181411,Supervisor,0.7743368963,Commander,0.7742877893,Dispatch,0.773746591,Records,0.7735962081,Detective Lieutenant,0.7732170253,Station Officer,0.7731992003,Sergeant Detective,0.7730118054,Special Agent Inspector,0.7712349839,Community Resource Officer,0.7705403227,,,,,,,,,,,,,,,,,,,,,,,,,,,,,,,,,,,,,,,,,,,,,,,,,,,,,,,,,,,,,,,,,,,,,,,,,,,,,,,,,,,,,,,,,,,,,,,,,,,,,,,,,,,,,,,,,,,,,,,,,,,,,,,,,,,,,,,,,,,,,,,,,,,,,,,,,,,,,,,,,,,,,,,,,,,,,,,,,,,,,,,,,,,,,,,,,,,,,,,,,,,,,,,,,,,,,,,,,,,,,,,,,,,,,,,,,,,,,,,,,,,,,,,,,,,,,,,,,,,,,,,,,,,,,,,,,,,,,,,,,,,,,,,,,,,,,,,,,,,,,,,,,,,,,,,,,,,,,,,,,,,,,,,,,,,,,,,,,,,,,,,,,,,,,,,,,,,,,,,,,,,,,,,,,,,,,,,,,,,,,,,,,,,,,,,,,,,,,,,,,,,,,,,,,,,,,,,,,,,,,,,,,,,,,,,,,,,,,,,,,,,,,,,,,,,,,,,,,,,,,,,,,,,,,,,,,,,,,,,,,,,,,,,,,,,,,,,,,,,,,,,,,,,,,,,,,,,,,,,,,,,,,,,,,,,,,,,,,,,,,,,,,,,,,,,,,,,,,,,,,,,,,,,,,,,,,,,,,,,,,,,,,,,,,,
Cpt,Captain Detective,0.8527406374,Corporal,0.8470196699,Acting Captain,0.8454572678,Captain,0.8441538154,Detective Corporal,0.8363681989,Lieutenant,0.8293309184,Sergeant,0.8262880176,Colonel,0.8261991688,Detective,0.8239790862,Commander,0.823880001,Trooper,0.8227903453,Detective Lieutenant,0.8214778604,Investigator,0.8164029619,Supervisor,0.8152908142,Sergeant Detective,0.8148527455,Lieutenant Colonel,0.8147154686,Trainee,0.8145220308,Officer,0.8139534415,Director,0.8137596538,Patrol Officer,0.8122575701,Chief,0.8114152767,Admin,0.8095924512,Special Agent,0.808904748,Crime Scene Investigator,0.8080807989,Technical Trooper,0.8074447999,Analyst,0.8059408697,Master Patrol Officer,0.8056596651,Special Agent In Charge,0.8052266462,Marshall,0.8051931409,Inspector,0.8040037242,,,,,,,,,,,,,,,,,,,,,,,,,,,,,,,,,,,,,,,,,,,,,,,,,,,,,,,,,,,,,,,,,,,,,,,,,,,,,,,,,,,,,,,,,,,,,,,,,,,,,,,,,,,,,,,,,,,,,,,,,,,,,,,,,,,,,,,,,,,,,,,,,,,,,,,,,,,,,,,,,,,,,,,,,,,,,,,,,,,,,,,,,,,,,,,,,,,,,,,,,,,,,,,,,,,,,,,,,,,,,,,,,,,,,,,,,,,,,,,,,,,,,,,,,,,,,,,,,,,,,,,,,,,,,,,,,,,,,,,,,,,,,,,,,,,,,,,,,,,,,,,,,,,,,,,,,,,,,,,,,,,,,,,,,,,,,,,,,,,,,,,,,,,,,,,,,,,,,,,,,,,,,,,,,,,,,,,,,,,,,,,,,,,,,,,,,,,,,,,,,,,,,,,,,,,,,,,,,,,,,,,,,,,,,,,,,,,,,,,,,,,,,,,,,,,,,,,,,,,,,,,,,,,,,,,,,,,,,,,,,,,,,,,,,,,,,,,,,,,,,,,,,,,,,,,,,,,,,,,,,,,,,,,,,,,,,,,,,,,,,,,,,,,,,,,,,,,,,,,,,,,,,,,,,,,,,,,,,,,,,,,,,,,,,,
Deputy V,Deputy,0.9199505724,Deputy Marshall,0.8824318296,Supervisory Deputy,0.8765876674,Deputy Bailiff,0.8745889635,Chief Deputy,0.8745641601,Sheriff Deputy,0.8735219613,Deputy Director,0.8727197826,Master Deputy,0.8609949698,Deputy Fire Marshal,0.8548867917,Deputy/Forensic Scientist,0.8435438624,Sheriff,0.8395084891,Undersheriff,0.8303241547,Supervisor,0.8259150054,Detective Lieutenant,0.8258389528,Assistant Marshal,0.8247469872,Lieutenant,0.822992382,Officer,0.8208607988,Detective Major,0.8194051119,Sergeant,0.8189895376,Station Officer,0.8180786626,Detective Corporal,0.8180077713,Trooper,0.8166474617,Sergeant Detective,0.8159538496,Captain Detective,0.8143541746,Assistant Chief,0.8138205523,Group Supervisor,0.8136089624,Senior Investigator,0.8125362262,Colonel,0.8118704249,Superintendant,0.8114203973,Detective,0.8112959885,,,,,,,,,,,,,,,,,,,,,,,,,,,,,,,,,,,,,,,,,,,,,,,,,,,,,,,,,,,,,,,,,,,,,,,,,,,,,,,,,,,,,,,,,,,,,,,,,,,,,,,,,,,,,,,,,,,,,,,,,,,,,,,,,,,,,,,,,,,,,,,,,,,,,,,,,,,,,,,,,,,,,,,,,,,,,,,,,,,,,,,,,,,,,,,,,,,,,,,,,,,,,,,,,,,,,,,,,,,,,,,,,,,,,,,,,,,,,,,,,,,,,,,,,,,,,,,,,,,,,,,,,,,,,,,,,,,,,,,,,,,,,,,,,,,,,,,,,,,,,,,,,,,,,,,,,,,,,,,,,,,,,,,,,,,,,,,,,,,,,,,,,,,,,,,,,,,,,,,,,,,,,,,,,,,,,,,,,,,,,,,,,,,,,,,,,,,,,,,,,,,,,,,,,,,,,,,,,,,,,,,,,,,,,,,,,,,,,,,,,,,,,,,,,,,,,,,,,,,,,,,,,,,,,,,,,,,,,,,,,,,,,,,,,,,,,,,,,,,,,,,,,,,,,,,,,,,,,,,,,,,,,,,,,,,,,,,,,,,,,,,,,,,,,,,,,,,,,,,,,,,,,,,,,,,,,,,,,,,,,,,,,,,,,,
Sag,Ranger,0.8100122086,Sergeant,0.8094876345,Detective,0.8007180929,Major,0.7998930446,Sheriff,0.7960309509,Director,0.795084742,Sergeant Detective,0.7930524031,Dispatch,0.7920817313,Special Agent,0.7918747842,Officer,0.7916834793,Trooper,0.7897064762,Property,0.7888895413,Analyst,0.7887176172,Investigator,0.7880828833,Manager,0.7872833177,Marshall,0.7847296808,Captain Detective,0.7829942773,Corporal,0.7828499694,Commander,0.7824250014,Senior Investigator,0.7813067756,Special Agent Inspector,0.7800482037,Senior Special Agent,0.7798731709,Inspector,0.7798453808,Captain,0.7791829504,Colonel,0.7787563196,Supervisor,0.7784349409,Acting Captain,0.7773569374,Trainee,0.7768335569,Station Officer,0.7763331116,Admin,0.7752356094,,,,,,,,,,,,,,,,,,,,,,,,,,,,,,,,,,,,,,,,,,,,,,,,,,,,,,,,,,,,,,,,,,,,,,,,,,,,,,,,,,,,,,,,,,,,,,,,,,,,,,,,,,,,,,,,,,,,,,,,,,,,,,,,,,,,,,,,,,,,,,,,,,,,,,,,,,,,,,,,,,,,,,,,,,,,,,,,,,,,,,,,,,,,,,,,,,,,,,,,,,,,,,,,,,,,,,,,,,,,,,,,,,,,,,,,,,,,,,,,,,,,,,,,,,,,,,,,,,,,,,,,,,,,,,,,,,,,,,,,,,,,,,,,,,,,,,,,,,,,,,,,,,,,,,,,,,,,,,,,,,,,,,,,,,,,,,,,,,,,,,,,,,,,,,,,,,,,,,,,,,,,,,,,,,,,,,,,,,,,,,,,,,,,,,,,,,,,,,,,,,,,,,,,,,,,,,,,,,,,,,,,,,,,,,,,,,,,,,,,,,,,,,,,,,,,,,,,,,,,,,,,,,,,,,,,,,,,,,,,,,,,,,,,,,,,,,,,,,,,,,,,,,,,,,,,,,,,,,,,,,,,,,,,,,,,,,,,,,,,,,,,,,,,,,,,,,,,,,,,,,,,,,,,,,,,,,,,,,,,,,,,,,,,,,
Dtpy,Property,0.8065336813,Detective,0.8032185158,Dispatch,0.8018366435,Trooper,0.7985921001,Others,0.7972463353,Deputy,0.7966970997,Detective Lieutenant,0.7954264253,Captain Detective,0.7951711113,Director,0.7945361295,Corporal,0.7944021513,Supervisor,0.7940672375,Sergeant Detective,0.7934276649,Trainee,0.7934056668,Ranger,0.7920953278,Technical Trooper,0.7911690502,Investigator,0.7890130842,Detective Corporal,0.7886606475,Commander,0.7886124106,Analyst,0.7884674586,Records,0.7866755547,Group Supervisor,0.7860711642,Patrol Officer,0.7843398398,Lieutenant,0.7838695365,Manager,0.7825027665,Sergeant,0.7822221475,Marshall,0.7819180939,Training Officer,0.7818889057,Officer,0.7813015411,Major,0.7812482477,Dispatch Supervisor,0.7808589973,,,,,,,,,,,,,,,,,,,,,,,,,,,,,,,,,,,,,,,,,,,,,,,,,,,,,,,,,,,,,,,,,,,,,,,,,,,,,,,,,,,,,,,,,,,,,,,,,,,,,,,,,,,,,,,,,,,,,,,,,,,,,,,,,,,,,,,,,,,,,,,,,,,,,,,,,,,,,,,,,,,,,,,,,,,,,,,,,,,,,,,,,,,,,,,,,,,,,,,,,,,,,,,,,,,,,,,,,,,,,,,,,,,,,,,,,,,,,,,,,,,,,,,,,,,,,,,,,,,,,,,,,,,,,,,,,,,,,,,,,,,,,,,,,,,,,,,,,,,,,,,,,,,,,,,,,,,,,,,,,,,,,,,,,,,,,,,,,,,,,,,,,,,,,,,,,,,,,,,,,,,,,,,,,,,,,,,,,,,,,,,,,,,,,,,,,,,,,,,,,,,,,,,,,,,,,,,,,,,,,,,,,,,,,,,,,,,,,,,,,,,,,,,,,,,,,,,,,,,,,,,,,,,,,,,,,,,,,,,,,,,,,,,,,,,,,,,,,,,,,,,,,,,,,,,,,,,,,,,,,,,,,,,,,,,,,,,,,,,,,,,,,,,,,,,,,,,,,,,,,,,,,,,,,,,,,,,,,,,,,,,,,,,,,,
Corporal - Day Shift,Corporal,0.9037952157,Detective Corporal,0.8711978593,Patrol Officer,0.8551523625,Sergeant,0.8533570009,Corrections Officer,0.8532772394,Service Officer,0.8495036912,Security Officer,0.8451610656,Technical Trooper,0.841217872,Station Officer,0.8409202115,Safety Officer,0.8408487867,Lieutenant,0.8402910737,Training Officer,0.8393257888,Trainee,0.8374044483,Assistant Supervisor,0.8363806246,Sergeant Detective,0.8349554842,Detective Lieutenant,0.8348179399,Sergeant Unit Supervisor,0.8348071518,Sheriff Deputy,0.8346601556,Officer,0.8333566824,Supervisor,0.8316249373,Court Security Sergeant,0.8313469906,Master Patrol Officer,0.8307356183,Senior Dispatch,0.8293063845,Group Supervisor,0.8282641101,Lieutenant Colonel,0.8273223846,Trooper,0.8268160348,Commander,0.8260967648,Special Agent Supervisor,0.8259888722,Assistant Chief,0.8255351271,Detective Major,0.8234630739,,,,,,,,,,,,,,,,,,,,,,,,,,,,,,,,,,,,,,,,,,,,,,,,,,,,,,,,,,,,,,,,,,,,,,,,,,,,,,,,,,,,,,,,,,,,,,,,,,,,,,,,,,,,,,,,,,,,,,,,,,,,,,,,,,,,,,,,,,,,,,,,,,,,,,,,,,,,,,,,,,,,,,,,,,,,,,,,,,,,,,,,,,,,,,,,,,,,,,,,,,,,,,,,,,,,,,,,,,,,,,,,,,,,,,,,,,,,,,,,,,,,,,,,,,,,,,,,,,,,,,,,,,,,,,,,,,,,,,,,,,,,,,,,,,,,,,,,,,,,,,,,,,,,,,,,,,,,,,,,,,,,,,,,,,,,,,,,,,,,,,,,,,,,,,,,,,,,,,,,,,,,,,,,,,,,,,,,,,,,,,,,,,,,,,,,,,,,,,,,,,,,,,,,,,,,,,,,,,,,,,,,,,,,,,,,,,,,,,,,,,,,,,,,,,,,,,,,,,,,,,,,,,,,,,,,,,,,,,,,,,,,,,,,,,,,,,,,,,,,,,,,,,,,,,,,,,,,,,,,,,,,,,,,,,,,,,,,,,,,,,,,,,,,,,,,,,,,,,,,,,,,,,,,,,,,,,,,,,,,,,,,,,,,,,
Corporal Ii,Corporal,0.9367939206,Detective Corporal,0.8840776079,Sergeant,0.8667180897,Lieutenant,0.8564304234,Patrol Officer,0.8553508951,Lieutenant Colonel,0.8546364641,Trooper,0.8515758094,Technical Trooper,0.8509552856,Colonel,0.8494604384,Officer,0.8485987474,Commander,0.8463957848,Corrections Officer,0.8429383623,Sergeant Detective,0.8421649234,Training Officer,0.8387809431,Warrant Officer,0.8386824082,Detective Lieutenant,0.8383267658,Court Security Sergeant,0.8369266586,Sheriff Deputy,0.834809328,Master Trooper,0.834117008,Trainee,0.833330844,Captain Detective,0.8328762373,Special Agent,0.8327019422,Service Officer,0.8318368073,Detective Major,0.8296994324,Investigator,0.8288942627,Assistant Chief,0.8284536723,Sergeant Unit Supervisor,0.8282811513,Station Officer,0.8274064661,Special Agent Inspector,0.8266435258,Supervisor,0.825526675,,,,,,,,,,,,,,,,,,,,,,,,,,,,,,,,,,,,,,,,,,,,,,,,,,,,,,,,,,,,,,,,,,,,,,,,,,,,,,,,,,,,,,,,,,,,,,,,,,,,,,,,,,,,,,,,,,,,,,,,,,,,,,,,,,,,,,,,,,,,,,,,,,,,,,,,,,,,,,,,,,,,,,,,,,,,,,,,,,,,,,,,,,,,,,,,,,,,,,,,,,,,,,,,,,,,,,,,,,,,,,,,,,,,,,,,,,,,,,,,,,,,,,,,,,,,,,,,,,,,,,,,,,,,,,,,,,,,,,,,,,,,,,,,,,,,,,,,,,,,,,,,,,,,,,,,,,,,,,,,,,,,,,,,,,,,,,,,,,,,,,,,,,,,,,,,,,,,,,,,,,,,,,,,,,,,,,,,,,,,,,,,,,,,,,,,,,,,,,,,,,,,,,,,,,,,,,,,,,,,,,,,,,,,,,,,,,,,,,,,,,,,,,,,,,,,,,,,,,,,,,,,,,,,,,,,,,,,,,,,,,,,,,,,,,,,,,,,,,,,,,,,,,,,,,,,,,,,,,,,,,,,,,,,,,,,,,,,,,,,,,,,,,,,,,,,,,,,,,,,,,,,,,,,,,,,,,,,,,,,,,,,,,,,,,
Special Agent Ii,Special Agent,0.9430956095,Special Agent Inspector,0.9285071013,Special Agent Supervisor,0.9158136756,Senior Special Agent,0.9078744546,Special Agent In Charge,0.9041646913,Supervisory Special Agent,0.8984619398,Assistant Supervisory Special Agent,0.8977637699,Assistant Special Agent In Charge,0.8977158737,Enforcement Agent,0.8868544335,Special Investigator,0.8824730492,Sergeant Detective,0.8765852066,Senior Investigator,0.8712823188,Station Officer,0.8669006418,Chief Investigator,0.8666899226,Patrol Officer,0.8656982861,Investigator,0.8637233721,Sergeant,0.8620194333,Crime Scene Investigator,0.8615980912,Service Officer,0.8613421331,Captain Detective,0.8580949846,Detective Lieutenant,0.8573639115,Safety Officer,0.8542258985,Security Officer,0.8536456795,Officer,0.8531954588,Detective,0.8527973386,Drug Enforcement Officer,0.8524837458,Sheriff Deputy,0.8522794651,Master Patrol Officer,0.8512933824,Trooper,0.8507066905,Detective Corporal,0.8506203559,,,,,,,,,,,,,,,,,,,,,,,,,,,,,,,,,,,,,,,,,,,,,,,,,,,,,,,,,,,,,,,,,,,,,,,,,,,,,,,,,,,,,,,,,,,,,,,,,,,,,,,,,,,,,,,,,,,,,,,,,,,,,,,,,,,,,,,,,,,,,,,,,,,,,,,,,,,,,,,,,,,,,,,,,,,,,,,,,,,,,,,,,,,,,,,,,,,,,,,,,,,,,,,,,,,,,,,,,,,,,,,,,,,,,,,,,,,,,,,,,,,,,,,,,,,,,,,,,,,,,,,,,,,,,,,,,,,,,,,,,,,,,,,,,,,,,,,,,,,,,,,,,,,,,,,,,,,,,,,,,,,,,,,,,,,,,,,,,,,,,,,,,,,,,,,,,,,,,,,,,,,,,,,,,,,,,,,,,,,,,,,,,,,,,,,,,,,,,,,,,,,,,,,,,,,,,,,,,,,,,,,,,,,,,,,,,,,,,,,,,,,,,,,,,,,,,,,,,,,,,,,,,,,,,,,,,,,,,,,,,,,,,,,,,,,,,,,,,,,,,,,,,,,,,,,,,,,,,,,,,,,,,,,,,,,,,,,,,,,,,,,,,,,,,,,,,,,,,,,,,,,,,,,,,,,,,,,,,,,,,,,,,,,,,,
Special Investigator Ii,Special Investigator,0.9559605682,Senior Investigator,0.9254778507,Chief Investigator,0.9227511192,Investigator,0.9116196497,Special Agent Inspector,0.8935950269,Crime Scene Investigator,0.8932912509,Sergeant Detective,0.8770735453,Senior Special Agent,0.8768453184,Special Agent,0.8764324348,Assistant Supervisory Special Agent,0.8711768428,Supervisory Special Agent,0.87077662,Assistant Special Agent In Charge,0.8653135851,Detective Lieutenant,0.8642280353,Detective,0.8610127091,Special Agent Supervisor,0.8606281988,Special Agent In Charge,0.8597468564,Detective Major,0.8499810555,Detective Corporal,0.8492578049,Sheriff Deputy,0.8482010084,Deputy/Forensic Scientist,0.8454777201,Captain Detective,0.8454334405,Enforcement Agent,0.8451776886,Station Officer,0.8406400064,Patrol Officer,0.8403062798,Safety Officer,0.8385985088,Sergeant Unit Supervisor,0.8384866414,Court Security Sergeant,0.838177213,Service Officer,0.8381408962,Sergeant,0.8369282456,Inspector,0.8366894031,,,,,,,,,,,,,,,,,,,,,,,,,,,,,,,,,,,,,,,,,,,,,,,,,,,,,,,,,,,,,,,,,,,,,,,,,,,,,,,,,,,,,,,,,,,,,,,,,,,,,,,,,,,,,,,,,,,,,,,,,,,,,,,,,,,,,,,,,,,,,,,,,,,,,,,,,,,,,,,,,,,,,,,,,,,,,,,,,,,,,,,,,,,,,,,,,,,,,,,,,,,,,,,,,,,,,,,,,,,,,,,,,,,,,,,,,,,,,,,,,,,,,,,,,,,,,,,,,,,,,,,,,,,,,,,,,,,,,,,,,,,,,,,,,,,,,,,,,,,,,,,,,,,,,,,,,,,,,,,,,,,,,,,,,,,,,,,,,,,,,,,,,,,,,,,,,,,,,,,,,,,,,,,,,,,,,,,,,,,,,,,,,,,,,,,,,,,,,,,,,,,,,,,,,,,,,,,,,,,,,,,,,,,,,,,,,,,,,,,,,,,,,,,,,,,,,,,,,,,,,,,,,,,,,,,,,,,,,,,,,,,,,,,,,,,,,,,,,,,,,,,,,,,,,,,,,,,,,,,,,,,,,,,,,,,,,,,,,,,,,,,,,,,,,,,,,,,,,,,,,,,,,,,,,,,,,,,,,,,,,,,,,,,,,,
Rngr,Ranger,0.8427560116,Director,0.8160220822,Commander,0.812072005,Trooper,0.8118836984,Trainee,0.8095929979,Sergeant,0.8077281059,Supervisor,0.8067899711,Manager,0.805686684,Investigator,0.8027142447,Officer,0.8026340553,Others,0.802276794,Patrol Officer,0.8021340213,Group Supervisor,0.8020228071,Colonel,0.8011951206,Admin,0.8005444032,Inspector,0.8004056808,Master Trooper,0.7993726604,Land Manager,0.7982781526,Lieutenant,0.7942639544,Technical Trooper,0.7942511337,Dispatch,0.7940506249,Major,0.7938493964,Senior Investigator,0.7936925055,Natural Resource Officer,0.7924845127,Detective,0.7920001759,Captain,0.7905893199,Records,0.7897593855,Corporal,0.7894920408,Analyst,0.7888057964,Training Officer,0.788238412,,,,,,,,,,,,,,,,,,,,,,,,,,,,,,,,,,,,,,,,,,,,,,,,,,,,,,,,,,,,,,,,,,,,,,,,,,,,,,,,,,,,,,,,,,,,,,,,,,,,,,,,,,,,,,,,,,,,,,,,,,,,,,,,,,,,,,,,,,,,,,,,,,,,,,,,,,,,,,,,,,,,,,,,,,,,,,,,,,,,,,,,,,,,,,,,,,,,,,,,,,,,,,,,,,,,,,,,,,,,,,,,,,,,,,,,,,,,,,,,,,,,,,,,,,,,,,,,,,,,,,,,,,,,,,,,,,,,,,,,,,,,,,,,,,,,,,,,,,,,,,,,,,,,,,,,,,,,,,,,,,,,,,,,,,,,,,,,,,,,,,,,,,,,,,,,,,,,,,,,,,,,,,,,,,,,,,,,,,,,,,,,,,,,,,,,,,,,,,,,,,,,,,,,,,,,,,,,,,,,,,,,,,,,,,,,,,,,,,,,,,,,,,,,,,,,,,,,,,,,,,,,,,,,,,,,,,,,,,,,,,,,,,,,,,,,,,,,,,,,,,,,,,,,,,,,,,,,,,,,,,,,,,,,,,,,,,,,,,,,,,,,,,,,,,,,,,,,,,,,,,,,,,,,,,,,,,,,,,,,,,,,,,,,,,
Crpl,Corporal,0.8197898651,Community Resource Officer,0.8142368817,Trooper,0.8042213067,Ranger,0.8034652253,Detective Corporal,0.8010269986,Patrol Officer,0.797494354,Captain Detective,0.7914701934,Officer,0.7914329749,Colonel,0.7898926307,Investigator,0.7897880879,School Resource Officer,0.7888257126,Marshall,0.7888226427,Captain,0.7879674878,Crime Scene Investigator,0.7878721017,Conservation Officer,0.7870798401,Natural Resource Officer,0.7861075247,Property,0.7838062978,Sergeant,0.783677824,Inspector,0.7830950382,Lieutenant Colonel,0.7829063756,Commander,0.7828349502,Lieutenant,0.7822067707,Corrections Officer,0.7812740656,Others,0.7812416241,Master Patrol Officer,0.7809931542,Fire Marshall,0.7802502913,Detective,0.7798318969,Acting Captain,0.779276521,Records,0.7788510529,Director,0.778785737,,,,,,,,,,,,,,,,,,,,,,,,,,,,,,,,,,,,,,,,,,,,,,,,,,,,,,,,,,,,,,,,,,,,,,,,,,,,,,,,,,,,,,,,,,,,,,,,,,,,,,,,,,,,,,,,,,,,,,,,,,,,,,,,,,,,,,,,,,,,,,,,,,,,,,,,,,,,,,,,,,,,,,,,,,,,,,,,,,,,,,,,,,,,,,,,,,,,,,,,,,,,,,,,,,,,,,,,,,,,,,,,,,,,,,,,,,,,,,,,,,,,,,,,,,,,,,,,,,,,,,,,,,,,,,,,,,,,,,,,,,,,,,,,,,,,,,,,,,,,,,,,,,,,,,,,,,,,,,,,,,,,,,,,,,,,,,,,,,,,,,,,,,,,,,,,,,,,,,,,,,,,,,,,,,,,,,,,,,,,,,,,,,,,,,,,,,,,,,,,,,,,,,,,,,,,,,,,,,,,,,,,,,,,,,,,,,,,,,,,,,,,,,,,,,,,,,,,,,,,,,,,,,,,,,,,,,,,,,,,,,,,,,,,,,,,,,,,,,,,,,,,,,,,,,,,,,,,,,,,,,,,,,,,,,,,,,,,,,,,,,,,,,,,,,,,,,,,,,,,,,,,,,,,,,,,,,,,,,,,,,,,,,,,,,
Patrol Officer Iii,Patrol Officer,0.9387415731,Master Patrol Officer,0.8912595334,Officer,0.8882185422,Station Officer,0.8820876342,Service Officer,0.8805261465,Trooper,0.8773601048,Warrant Officer,0.8770266547,Corrections Officer,0.8752276805,Training Officer,0.8717094356,Parole Officer,0.8690798583,Technical Trooper,0.8677082886,Drug Enforcement Officer,0.8627297784,Conservation Officer,0.8613455203,Safety Officer,0.8604766438,Security Officer,0.8603236696,Special Agent Inspector,0.8596958922,Sergeant,0.8596371531,Detective Corporal,0.858882857,Special Agent Supervisor,0.8573111334,Sergeant Detective,0.8570161399,Enforcement Agent,0.8567801129,Detective Lieutenant,0.8566808192,Sheriff Deputy,0.8538184637,Special Agent,0.8537619368,Court Security Officer,0.8505666992,Sergeant Unit Supervisor,0.84971022,Lieutenant,0.8488807426,Court Security Sergeant,0.8473262347,Assistant Supervisory Special Agent,0.8463298761,Master Trooper,0.8443193626,,,,,,,,,,,,,,,,,,,,,,,,,,,,,,,,,,,,,,,,,,,,,,,,,,,,,,,,,,,,,,,,,,,,,,,,,,,,,,,,,,,,,,,,,,,,,,,,,,,,,,,,,,,,,,,,,,,,,,,,,,,,,,,,,,,,,,,,,,,,,,,,,,,,,,,,,,,,,,,,,,,,,,,,,,,,,,,,,,,,,,,,,,,,,,,,,,,,,,,,,,,,,,,,,,,,,,,,,,,,,,,,,,,,,,,,,,,,,,,,,,,,,,,,,,,,,,,,,,,,,,,,,,,,,,,,,,,,,,,,,,,,,,,,,,,,,,,,,,,,,,,,,,,,,,,,,,,,,,,,,,,,,,,,,,,,,,,,,,,,,,,,,,,,,,,,,,,,,,,,,,,,,,,,,,,,,,,,,,,,,,,,,,,,,,,,,,,,,,,,,,,,,,,,,,,,,,,,,,,,,,,,,,,,,,,,,,,,,,,,,,,,,,,,,,,,,,,,,,,,,,,,,,,,,,,,,,,,,,,,,,,,,,,,,,,,,,,,,,,,,,,,,,,,,,,,,,,,,,,,,,,,,,,,,,,,,,,,,,,,,,,,,,,,,,,,,,,,,,,,,,,,,,,,,,,,,,,,,,,,,,,,,,,,,,
Detective Iv,Detective,0.8992761622,Sergeant Detective,0.8801720314,Detective Major,0.8784252734,Detective Lieutenant,0.8782336868,Investigator,0.8727903599,Captain Detective,0.8719043977,Detective Corporal,0.8687804455,Crime Scene Investigator,0.8658935734,Chief Investigator,0.8644108542,Senior Investigator,0.8554751631,Special Investigator,0.8546397867,Special Agent Inspector,0.8470278154,Inspector,0.829224203,Sergeant,0.8246179616,Special Agent,0.823500128,Sheriff,0.8205380964,Patrol Officer,0.8199980107,Director,0.8152317042,Senior Special Agent,0.8152066215,Enforcement Agent,0.8126891966,Trooper,0.8115427556,Sheriff Deputy,0.8104600317,Drug Enforcement Officer,0.8096539257,Officer,0.8094930838,Deputy/Forensic Scientist,0.8072961913,Lieutenant,0.8067092846,Colonel,0.8040368614,Commander,0.8028619296,Special Agent In Charge,0.802466125,Court Security Sergeant,0.8019750278,,,,,,,,,,,,,,,,,,,,,,,,,,,,,,,,,,,,,,,,,,,,,,,,,,,,,,,,,,,,,,,,,,,,,,,,,,,,,,,,,,,,,,,,,,,,,,,,,,,,,,,,,,,,,,,,,,,,,,,,,,,,,,,,,,,,,,,,,,,,,,,,,,,,,,,,,,,,,,,,,,,,,,,,,,,,,,,,,,,,,,,,,,,,,,,,,,,,,,,,,,,,,,,,,,,,,,,,,,,,,,,,,,,,,,,,,,,,,,,,,,,,,,,,,,,,,,,,,,,,,,,,,,,,,,,,,,,,,,,,,,,,,,,,,,,,,,,,,,,,,,,,,,,,,,,,,,,,,,,,,,,,,,,,,,,,,,,,,,,,,,,,,,,,,,,,,,,,,,,,,,,,,,,,,,,,,,,,,,,,,,,,,,,,,,,,,,,,,,,,,,,,,,,,,,,,,,,,,,,,,,,,,,,,,,,,,,,,,,,,,,,,,,,,,,,,,,,,,,,,,,,,,,,,,,,,,,,,,,,,,,,,,,,,,,,,,,,,,,,,,,,,,,,,,,,,,,,,,,,,,,,,,,,,,,,,,,,,,,,,,,,,,,,,,,,,,,,,,,,,,,,,,,,,,,,,,,,,,,,,,,,,,,,,,,
Park Ranger,Ranger,0.9261828394,Conservation Officer,0.8901163812,Patrol Officer,0.8792473392,Trooper,0.8774147124,Assistant Park Manager,0.8668469407,Land Manager,0.8668330421,Station Officer,0.8656331317,Sheriff,0.8648967966,Natural Resource Officer,0.8645161897,Enforcement Agent,0.864268153,Special Agent,0.863049332,Sergeant,0.8625221128,Officer,0.8606146738,Assistant Land Manager,0.8577770529,Service Officer,0.857301663,Community Resource Officer,0.8546957327,Investigator,0.8538165469,Supervisor,0.8529358662,Special Agent Inspector,0.8509622541,Parole Officer,0.850595617,Senior Special Agent,0.8494493268,Sheriff Deputy,0.8492353466,Commander,0.8489976752,Assistant Marshal,0.8484082677,Safety Officer,0.8482570093,Fire Marshall,0.8473951116,Superintendant,0.8469981199,Master Patrol Officer,0.8454705559,Sergeant Detective,0.8450655175,Captain Detective,0.8444542528,,,,,,,,,,,,,,,,,,,,,,,,,,,,,,,,,,,,,,,,,,,,,,,,,,,,,,,,,,,,,,,,,,,,,,,,,,,,,,,,,,,,,,,,,,,,,,,,,,,,,,,,,,,,,,,,,,,,,,,,,,,,,,,,,,,,,,,,,,,,,,,,,,,,,,,,,,,,,,,,,,,,,,,,,,,,,,,,,,,,,,,,,,,,,,,,,,,,,,,,,,,,,,,,,,,,,,,,,,,,,,,,,,,,,,,,,,,,,,,,,,,,,,,,,,,,,,,,,,,,,,,,,,,,,,,,,,,,,,,,,,,,,,,,,,,,,,,,,,,,,,,,,,,,,,,,,,,,,,,,,,,,,,,,,,,,,,,,,,,,,,,,,,,,,,,,,,,,,,,,,,,,,,,,,,,,,,,,,,,,,,,,,,,,,,,,,,,,,,,,,,,,,,,,,,,,,,,,,,,,,,,,,,,,,,,,,,,,,,,,,,,,,,,,,,,,,,,,,,,,,,,,,,,,,,,,,,,,,,,,,,,,,,,,,,,,,,,,,,,,,,,,,,,,,,,,,,,,,,,,,,,,,,,,,,,,,,,,,,,,,,,,,,,,,,,,,,,,,,,,,,,,,,,,,,,,,,,,,,,,,,,,,,,,,,
Ptlr Off,Patrol Officer,0.8421718855,Trooper,0.8366709512,Officer,0.8353696035,Lieutenant,0.8327303876,Corporal,0.8297682764,Technical Trooper,0.8283343522,Training Officer,0.8279883505,Lieutenant Colonel,0.8269083154,Commander,0.8243601502,Sergeant,0.8233339119,Master Patrol Officer,0.8231077621,Detective Corporal,0.8227207445,Station Officer,0.822688764,Warrant Officer,0.8217652861,Master Trooper,0.8184667252,Detective Lieutenant,0.8173028832,Colonel,0.8151349997,Ranger,0.8132730308,Parole Officer,0.8102747575,Safety Officer,0.8078858456,Sergeant Unit Supervisor,0.8063447864,Service Officer,0.8058837033,Security Officer,0.8054769256,Special Agent,0.8040388,Sergeant Detective,0.8036772329,Captain Detective,0.8026625695,Trainee,0.8024680792,Investigator,0.8023112991,Acting Captain,0.8020219111,Assistant Chief,0.801103161,,,,,,,,,,,,,,,,,,,,,,,,,,,,,,,,,,,,,,,,,,,,,,,,,,,,,,,,,,,,,,,,,,,,,,,,,,,,,,,,,,,,,,,,,,,,,,,,,,,,,,,,,,,,,,,,,,,,,,,,,,,,,,,,,,,,,,,,,,,,,,,,,,,,,,,,,,,,,,,,,,,,,,,,,,,,,,,,,,,,,,,,,,,,,,,,,,,,,,,,,,,,,,,,,,,,,,,,,,,,,,,,,,,,,,,,,,,,,,,,,,,,,,,,,,,,,,,,,,,,,,,,,,,,,,,,,,,,,,,,,,,,,,,,,,,,,,,,,,,,,,,,,,,,,,,,,,,,,,,,,,,,,,,,,,,,,,,,,,,,,,,,,,,,,,,,,,,,,,,,,,,,,,,,,,,,,,,,,,,,,,,,,,,,,,,,,,,,,,,,,,,,,,,,,,,,,,,,,,,,,,,,,,,,,,,,,,,,,,,,,,,,,,,,,,,,,,,,,,,,,,,,,,,,,,,,,,,,,,,,,,,,,,,,,,,,,,,,,,,,,,,,,,,,,,,,,,,,,,,,,,,,,,,,,,,,,,,,,,,,,,,,,,,,,,,,,,,,,,,,,,,,,,,,,,,,,,,,,,,,,,,,,,,,,,
Lt Col,Lieutenant Colonel,0.9517441617,Colonel,0.9453974307,Lieutenant,0.9066015638,Detective Lieutenant,0.8850728908,Commander,0.8781894004,Sergeant,0.8690527171,Detective Corporal,0.8630368997,Detective Major,0.857286142,Assistant Chief,0.8519809479,Corporal,0.8517894892,Captain Detective,0.8503257771,Training Officer,0.8495846402,Trooper,0.8491018475,Senior Investigator,0.8475986664,Officer,0.8453121811,Assistant Marshal,0.8452522714,Captain,0.8449239659,Sheriff,0.8439444333,Special Agent In Charge,0.8427193283,Patrol Officer,0.8416772332,Acting Major,0.8415108987,Sheriff Deputy,0.8403374963,Technical Trooper,0.8402434424,Senior Special Agent,0.8401701477,Acting Captain,0.8399364536,Chief Deputy,0.8394793823,Sergeant Detective,0.8386149169,Deputy,0.8378280595,Master Trooper,0.837420491,Warrant Officer,0.8362068465,,,,,,,,,,,,,,,,,,,,,,,,,,,,,,,,,,,,,,,,,,,,,,,,,,,,,,,,,,,,,,,,,,,,,,,,,,,,,,,,,,,,,,,,,,,,,,,,,,,,,,,,,,,,,,,,,,,,,,,,,,,,,,,,,,,,,,,,,,,,,,,,,,,,,,,,,,,,,,,,,,,,,,,,,,,,,,,,,,,,,,,,,,,,,,,,,,,,,,,,,,,,,,,,,,,,,,,,,,,,,,,,,,,,,,,,,,,,,,,,,,,,,,,,,,,,,,,,,,,,,,,,,,,,,,,,,,,,,,,,,,,,,,,,,,,,,,,,,,,,,,,,,,,,,,,,,,,,,,,,,,,,,,,,,,,,,,,,,,,,,,,,,,,,,,,,,,,,,,,,,,,,,,,,,,,,,,,,,,,,,,,,,,,,,,,,,,,,,,,,,,,,,,,,,,,,,,,,,,,,,,,,,,,,,,,,,,,,,,,,,,,,,,,,,,,,,,,,,,,,,,,,,,,,,,,,,,,,,,,,,,,,,,,,,,,,,,,,,,,,,,,,,,,,,,,,,,,,,,,,,,,,,,,,,,,,,,,,,,,,,,,,,,,,,,,,,,,,,,,,,,,,,,,,,,,,,,,,,,,,,,,,,,,,,,
Dare Officer,Officer,0.8907918503,Patrol Officer,0.8850625044,Warrant Officer,0.8822947729,Safety Officer,0.877782994,Station Officer,0.8769389776,Parole Officer,0.8713889677,Captain Detective,0.8707224395,Service Officer,0.8695937772,Drug Enforcement Officer,0.8692595526,Master Patrol Officer,0.8680586581,Corrections Officer,0.8672474972,Training Officer,0.8652245329,Commander,0.8625325583,Sheriff Deputy,0.8614693477,Sergeant Detective,0.8601246095,Sergeant,0.8599573208,Detective Lieutenant,0.8555458245,Conservation Officer,0.8546646328,Sheriff,0.8540257793,Special Agent,0.850638007,Court Security Officer,0.8504752389,Community Resource Officer,0.8503154312,Security Officer,0.8501299149,School Resource Officer,0.850118929,Detective Corporal,0.8483207146,Trooper,0.8480416079,Lieutenant,0.8471891324,Detective,0.8457725353,Detective Major,0.8438683697,Special Agent Inspector,0.8431876794,,,,,,,,,,,,,,,,,,,,,,,,,,,,,,,,,,,,,,,,,,,,,,,,,,,,,,,,,,,,,,,,,,,,,,,,,,,,,,,,,,,,,,,,,,,,,,,,,,,,,,,,,,,,,,,,,,,,,,,,,,,,,,,,,,,,,,,,,,,,,,,,,,,,,,,,,,,,,,,,,,,,,,,,,,,,,,,,,,,,,,,,,,,,,,,,,,,,,,,,,,,,,,,,,,,,,,,,,,,,,,,,,,,,,,,,,,,,,,,,,,,,,,,,,,,,,,,,,,,,,,,,,,,,,,,,,,,,,,,,,,,,,,,,,,,,,,,,,,,,,,,,,,,,,,,,,,,,,,,,,,,,,,,,,,,,,,,,,,,,,,,,,,,,,,,,,,,,,,,,,,,,,,,,,,,,,,,,,,,,,,,,,,,,,,,,,,,,,,,,,,,,,,,,,,,,,,,,,,,,,,,,,,,,,,,,,,,,,,,,,,,,,,,,,,,,,,,,,,,,,,,,,,,,,,,,,,,,,,,,,,,,,,,,,,,,,,,,,,,,,,,,,,,,,,,,,,,,,,,,,,,,,,,,,,,,,,,,,,,,,,,,,,,,,,,,,,,,,,,,,,,,,,,,,,,,,,,,,,,,,,,,,,,,,,
Patrol Officer Ii,Patrol Officer,0.9417548694,Master Patrol Officer,0.8925786782,Officer,0.8896589855,Service Officer,0.8874778299,Station Officer,0.8867969994,Warrant Officer,0.8809915226,Trooper,0.8772806293,Corrections Officer,0.8733078491,Parole Officer,0.8715536844,Technical Trooper,0.8715239716,Training Officer,0.8710312228,Drug Enforcement Officer,0.8662561411,Security Officer,0.8655354147,Detective Corporal,0.8649117336,Sergeant,0.8637877442,Conservation Officer,0.8633233121,Sergeant Detective,0.8629603725,Safety Officer,0.8625371769,Special Agent Supervisor,0.8625327494,Special Agent Inspector,0.8624767386,Enforcement Agent,0.8594015469,Detective Lieutenant,0.8591979127,Sheriff Deputy,0.8583758704,Special Agent,0.8559547008,Sergeant Unit Supervisor,0.8543441726,Court Security Officer,0.8520825474,Lieutenant,0.8493855833,Assistant Supervisory Special Agent,0.8492930331,Court Security Sergeant,0.8484137064,Master Trooper,0.846782396,,,,,,,,,,,,,,,,,,,,,,,,,,,,,,,,,,,,,,,,,,,,,,,,,,,,,,,,,,,,,,,,,,,,,,,,,,,,,,,,,,,,,,,,,,,,,,,,,,,,,,,,,,,,,,,,,,,,,,,,,,,,,,,,,,,,,,,,,,,,,,,,,,,,,,,,,,,,,,,,,,,,,,,,,,,,,,,,,,,,,,,,,,,,,,,,,,,,,,,,,,,,,,,,,,,,,,,,,,,,,,,,,,,,,,,,,,,,,,,,,,,,,,,,,,,,,,,,,,,,,,,,,,,,,,,,,,,,,,,,,,,,,,,,,,,,,,,,,,,,,,,,,,,,,,,,,,,,,,,,,,,,,,,,,,,,,,,,,,,,,,,,,,,,,,,,,,,,,,,,,,,,,,,,,,,,,,,,,,,,,,,,,,,,,,,,,,,,,,,,,,,,,,,,,,,,,,,,,,,,,,,,,,,,,,,,,,,,,,,,,,,,,,,,,,,,,,,,,,,,,,,,,,,,,,,,,,,,,,,,,,,,,,,,,,,,,,,,,,,,,,,,,,,,,,,,,,,,,,,,,,,,,,,,,,,,,,,,,,,,,,,,,,,,,,,,,,,,,,,,,,,,,,,,,,,,,,,,,,,,,,,,,,,,,,
Mci3,Motor Carrier Inspector,0.8077562637,Master Trooper,0.7996824702,Others,0.79738041,Commander,0.7963099828,Dispatch,0.7935091775,Director,0.7922627134,Marshall,0.7914095989,Crime Scene Investigator,0.7891689526,Investigator,0.7888103241,Trainee,0.7885290537,Ranger,0.7882631146,Manager,0.7879999445,Trooper,0.7875732639,Captain Detective,0.7868433796,Assistant Marshal,0.7865501509,Major,0.7864092365,Special Agent In Charge,0.7849694655,Chief Investigator,0.7840695132,Sheriff,0.7839089855,Detective Major,0.7831172462,Admin,0.7826963229,Inspector,0.7817330125,Colonel,0.781536139,Deputy Marshall,0.7815311252,Special Agent,0.7813549946,Deputy,0.7805447753,Special Agent Inspector,0.7802595159,Acting Captain,0.7800465039,Senior Investigator,0.7791683189,Captain,0.7787072203,,,,,,,,,,,,,,,,,,,,,,,,,,,,,,,,,,,,,,,,,,,,,,,,,,,,,,,,,,,,,,,,,,,,,,,,,,,,,,,,,,,,,,,,,,,,,,,,,,,,,,,,,,,,,,,,,,,,,,,,,,,,,,,,,,,,,,,,,,,,,,,,,,,,,,,,,,,,,,,,,,,,,,,,,,,,,,,,,,,,,,,,,,,,,,,,,,,,,,,,,,,,,,,,,,,,,,,,,,,,,,,,,,,,,,,,,,,,,,,,,,,,,,,,,,,,,,,,,,,,,,,,,,,,,,,,,,,,,,,,,,,,,,,,,,,,,,,,,,,,,,,,,,,,,,,,,,,,,,,,,,,,,,,,,,,,,,,,,,,,,,,,,,,,,,,,,,,,,,,,,,,,,,,,,,,,,,,,,,,,,,,,,,,,,,,,,,,,,,,,,,,,,,,,,,,,,,,,,,,,,,,,,,,,,,,,,,,,,,,,,,,,,,,,,,,,,,,,,,,,,,,,,,,,,,,,,,,,,,,,,,,,,,,,,,,,,,,,,,,,,,,,,,,,,,,,,,,,,,,,,,,,,,,,,,,,,,,,,,,,,,,,,,,,,,,,,,,,,,,,,,,,,,,,,,,,,,,,,,,,,,,,,,,,,,
Lt,Lieutenant,0.8735634737,Lieutenant Colonel,0.8581774877,Detective Lieutenant,0.8525953199,Captain,0.8473952526,Inspector,0.8316646002,Chief,0.8316224677,Manager,0.8282077812,Director,0.8278260673,Colonel,0.8264805132,Major,0.822491373,Admin,0.8216832896,Property,0.8211665533,Dispatch,0.8142414353,Commander,0.8113827399,Captain Detective,0.8110448973,Sergeant,0.8108061568,Trooper,0.8078080217,Master Trooper,0.8053525764,Detective,0.8051745886,Training Officer,0.8047535699,Corporal,0.8043565193,Detective Major,0.8038462572,Trainee,0.8031220776,Land Manager,0.8014238125,Investigator,0.800564397,Officer,0.8002833294,Sergeant Detective,0.8002241199,Technical Trooper,0.7993766401,Supervisor,0.7991327105,Detective Corporal,0.7983236989,,,,,,,,,,,,,,,,,,,,,,,,,,,,,,,,,,,,,,,,,,,,,,,,,,,,,,,,,,,,,,,,,,,,,,,,,,,,,,,,,,,,,,,,,,,,,,,,,,,,,,,,,,,,,,,,,,,,,,,,,,,,,,,,,,,,,,,,,,,,,,,,,,,,,,,,,,,,,,,,,,,,,,,,,,,,,,,,,,,,,,,,,,,,,,,,,,,,,,,,,,,,,,,,,,,,,,,,,,,,,,,,,,,,,,,,,,,,,,,,,,,,,,,,,,,,,,,,,,,,,,,,,,,,,,,,,,,,,,,,,,,,,,,,,,,,,,,,,,,,,,,,,,,,,,,,,,,,,,,,,,,,,,,,,,,,,,,,,,,,,,,,,,,,,,,,,,,,,,,,,,,,,,,,,,,,,,,,,,,,,,,,,,,,,,,,,,,,,,,,,,,,,,,,,,,,,,,,,,,,,,,,,,,,,,,,,,,,,,,,,,,,,,,,,,,,,,,,,,,,,,,,,,,,,,,,,,,,,,,,,,,,,,,,,,,,,,,,,,,,,,,,,,,,,,,,,,,,,,,,,,,,,,,,,,,,,,,,,,,,,,,,,,,,,,,,,,,,,,,,,,,,,,,,,,,,,,,,,,,,,,,,,,,,,,
Superintendent,Superintendant,0.9751132446,Supervisor,0.8989446257,Supervisory Deputy,0.8827603448,Assistant Chief,0.8814879404,Sheriff,0.8805165388,Group Supervisor,0.8729784755,Chief Deputy,0.8724915444,Assistant Supervisor,0.8681097801,Detective Lieutenant,0.8680970275,Acting Chief,0.8675422229,Sergeant,0.8673642473,Station Officer,0.8661538969,Assistant Director,0.8660633085,Chief Investigator,0.8657600204,Senior Investigator,0.8655197868,Sergeant Unit Supervisor,0.8653027879,Interim Director,0.8649765076,Lieutenant,0.8649736143,Commander,0.8646236199,Special Agent Supervisor,0.8644101042,Service Officer,0.8614485498,Senior Dispatch,0.8598836515,Safety Officer,0.8594862447,Director,0.8594050712,Captain Detective,0.8588365594,Assistant Supervisory Special Agent,0.8584645466,Sergeant Detective,0.8577704665,Special Agent Inspector,0.8576757253,Chief,0.8573471991,Master Deputy,0.8568015304,,,,,,,,,,,,,,,,,,,,,,,,,,,,,,,,,,,,,,,,,,,,,,,,,,,,,,,,,,,,,,,,,,,,,,,,,,,,,,,,,,,,,,,,,,,,,,,,,,,,,,,,,,,,,,,,,,,,,,,,,,,,,,,,,,,,,,,,,,,,,,,,,,,,,,,,,,,,,,,,,,,,,,,,,,,,,,,,,,,,,,,,,,,,,,,,,,,,,,,,,,,,,,,,,,,,,,,,,,,,,,,,,,,,,,,,,,,,,,,,,,,,,,,,,,,,,,,,,,,,,,,,,,,,,,,,,,,,,,,,,,,,,,,,,,,,,,,,,,,,,,,,,,,,,,,,,,,,,,,,,,,,,,,,,,,,,,,,,,,,,,,,,,,,,,,,,,,,,,,,,,,,,,,,,,,,,,,,,,,,,,,,,,,,,,,,,,,,,,,,,,,,,,,,,,,,,,,,,,,,,,,,,,,,,,,,,,,,,,,,,,,,,,,,,,,,,,,,,,,,,,,,,,,,,,,,,,,,,,,,,,,,,,,,,,,,,,,,,,,,,,,,,,,,,,,,,,,,,,,,,,,,,,,,,,,,,,,,,,,,,,,,,,,,,,,,,,,,,,,,,,,,,,,,,,,,,,,,,,,,,,,,,,,,,,
Dpty Mrsl,Detective Corporal,0.8242166917,Detective Major,0.8194374331,Detective Lieutenant,0.8105964728,Captain Detective,0.8093638543,Sergeant Detective,0.8089756973,Detective,0.8061304743,Master Trooper,0.8041360025,Corporal,0.8019217534,Sergeant,0.8013364418,Patrol Officer,0.7977771591,Deputy,0.7971865094,Director,0.7970648174,Deputy Marshall,0.7966822189,Sheriff,0.7949598617,Trooper,0.7949500886,Master Patrol Officer,0.7947325113,Commander,0.7944985558,Others,0.7938381463,Marshall,0.79280793,Supervisor,0.7925543878,Property,0.7907445947,Colonel,0.7894454266,Trainee,0.788268441,Master Deputy,0.7879484216,Lieutenant,0.7873547163,Deputy Bailiff,0.7871288499,Captain,0.7870986592,Officer,0.7867218337,Admin,0.7864894842,Sheriff Deputy,0.7858960406,,,,,,,,,,,,,,,,,,,,,,,,,,,,,,,,,,,,,,,,,,,,,,,,,,,,,,,,,,,,,,,,,,,,,,,,,,,,,,,,,,,,,,,,,,,,,,,,,,,,,,,,,,,,,,,,,,,,,,,,,,,,,,,,,,,,,,,,,,,,,,,,,,,,,,,,,,,,,,,,,,,,,,,,,,,,,,,,,,,,,,,,,,,,,,,,,,,,,,,,,,,,,,,,,,,,,,,,,,,,,,,,,,,,,,,,,,,,,,,,,,,,,,,,,,,,,,,,,,,,,,,,,,,,,,,,,,,,,,,,,,,,,,,,,,,,,,,,,,,,,,,,,,,,,,,,,,,,,,,,,,,,,,,,,,,,,,,,,,,,,,,,,,,,,,,,,,,,,,,,,,,,,,,,,,,,,,,,,,,,,,,,,,,,,,,,,,,,,,,,,,,,,,,,,,,,,,,,,,,,,,,,,,,,,,,,,,,,,,,,,,,,,,,,,,,,,,,,,,,,,,,,,,,,,,,,,,,,,,,,,,,,,,,,,,,,,,,,,,,,,,,,,,,,,,,,,,,,,,,,,,,,,,,,,,,,,,,,,,,,,,,,,,,,,,,,,,,,,,,,,,,,,,,,,,,,,,,,,,,,,,,,,,,,,,
Patrol Officer Iv,Patrol Officer,0.9369081587,Master Patrol Officer,0.8933084376,Officer,0.8832009887,Trooper,0.8780385351,Station Officer,0.8772475887,Service Officer,0.8683996496,Detective Corporal,0.8682102885,Warrant Officer,0.8666752185,Special Agent Inspector,0.8657726752,Sergeant Detective,0.8652794658,Sergeant,0.8651800021,Parole Officer,0.862479789,Training Officer,0.8615644598,Detective Lieutenant,0.8613611412,Technical Trooper,0.8588162856,Corrections Officer,0.8586532459,Safety Officer,0.8584700579,Security Officer,0.8574300965,Drug Enforcement Officer,0.8568343031,Court Security Sergeant,0.856221376,Enforcement Agent,0.8552735374,Conservation Officer,0.8525032621,Captain Detective,0.8515519318,Special Agent,0.8513975682,Investigator,0.8486236139,Sheriff Deputy,0.8483423003,Lieutenant,0.8475713704,Special Agent Supervisor,0.8454917686,Master Trooper,0.8444008595,Sergeant Unit Supervisor,0.8436261245,,,,,,,,,,,,,,,,,,,,,,,,,,,,,,,,,,,,,,,,,,,,,,,,,,,,,,,,,,,,,,,,,,,,,,,,,,,,,,,,,,,,,,,,,,,,,,,,,,,,,,,,,,,,,,,,,,,,,,,,,,,,,,,,,,,,,,,,,,,,,,,,,,,,,,,,,,,,,,,,,,,,,,,,,,,,,,,,,,,,,,,,,,,,,,,,,,,,,,,,,,,,,,,,,,,,,,,,,,,,,,,,,,,,,,,,,,,,,,,,,,,,,,,,,,,,,,,,,,,,,,,,,,,,,,,,,,,,,,,,,,,,,,,,,,,,,,,,,,,,,,,,,,,,,,,,,,,,,,,,,,,,,,,,,,,,,,,,,,,,,,,,,,,,,,,,,,,,,,,,,,,,,,,,,,,,,,,,,,,,,,,,,,,,,,,,,,,,,,,,,,,,,,,,,,,,,,,,,,,,,,,,,,,,,,,,,,,,,,,,,,,,,,,,,,,,,,,,,,,,,,,,,,,,,,,,,,,,,,,,,,,,,,,,,,,,,,,,,,,,,,,,,,,,,,,,,,,,,,,,,,,,,,,,,,,,,,,,,,,,,,,,,,,,,,,,,,,,,,,,,,,,,,,,,,,,,,,,,,,,,,,,,,,,,,
Officer Ii,Officer,0.9192142704,Patrol Officer,0.9058088971,Station Officer,0.8960769315,Service Officer,0.895886246,Warrant Officer,0.8901055315,Trooper,0.8761992819,Sergeant,0.8735254027,Corrections Officer,0.8725959389,Safety Officer,0.8702105908,Master Patrol Officer,0.8701882626,Training Officer,0.8700182183,Parole Officer,0.8661281485,Security Officer,0.8657718302,Conservation Officer,0.8638845096,Sergeant Detective,0.8630108512,Drug Enforcement Officer,0.862838138,Sheriff Deputy,0.8617464801,Special Agent Inspector,0.8611130274,Special Agent,0.8605963944,Lieutenant,0.860500203,Detective Corporal,0.857913947,Commander,0.8577169558,Detective Lieutenant,0.8575310057,Technical Trooper,0.8543613814,Court Security Officer,0.8543309818,Assistant Chief,0.8520550308,Enforcement Agent,0.8510580647,Special Agent Supervisor,0.8502260334,Investigator,0.8482985406,Sergeant Unit Supervisor,0.8473422683,,,,,,,,,,,,,,,,,,,,,,,,,,,,,,,,,,,,,,,,,,,,,,,,,,,,,,,,,,,,,,,,,,,,,,,,,,,,,,,,,,,,,,,,,,,,,,,,,,,,,,,,,,,,,,,,,,,,,,,,,,,,,,,,,,,,,,,,,,,,,,,,,,,,,,,,,,,,,,,,,,,,,,,,,,,,,,,,,,,,,,,,,,,,,,,,,,,,,,,,,,,,,,,,,,,,,,,,,,,,,,,,,,,,,,,,,,,,,,,,,,,,,,,,,,,,,,,,,,,,,,,,,,,,,,,,,,,,,,,,,,,,,,,,,,,,,,,,,,,,,,,,,,,,,,,,,,,,,,,,,,,,,,,,,,,,,,,,,,,,,,,,,,,,,,,,,,,,,,,,,,,,,,,,,,,,,,,,,,,,,,,,,,,,,,,,,,,,,,,,,,,,,,,,,,,,,,,,,,,,,,,,,,,,,,,,,,,,,,,,,,,,,,,,,,,,,,,,,,,,,,,,,,,,,,,,,,,,,,,,,,,,,,,,,,,,,,,,,,,,,,,,,,,,,,,,,,,,,,,,,,,,,,,,,,,,,,,,,,,,,,,,,,,,,,,,,,,,,,,,,,,,,,,,,,,,,,,,,,,,,,,,,,,,,,
Officer Iii,Officer,0.9155870247,Patrol Officer,0.8984530723,Service Officer,0.8897580737,Station Officer,0.8874835362,Warrant Officer,0.8840708167,Trooper,0.873675849,Corrections Officer,0.8726907421,Sergeant,0.8675597743,Training Officer,0.8659531165,Safety Officer,0.8654050556,Master Patrol Officer,0.8628020183,Parole Officer,0.8624325468,Conservation Officer,0.858511135,Security Officer,0.8583344119,Drug Enforcement Officer,0.8570433345,Sheriff Deputy,0.8563666886,Sergeant Detective,0.8554818159,Special Agent,0.8554728679,Lieutenant,0.855385588,Special Agent Inspector,0.8551046035,Commander,0.8539343209,Enforcement Agent,0.8496742484,Detective Lieutenant,0.8493394086,Court Security Officer,0.8486951236,Technical Trooper,0.8484732788,Investigator,0.8484181873,Assistant Chief,0.8482956163,Detective Corporal,0.8475141113,Special Agent Supervisor,0.8448775184,Special Agent In Charge,0.8436428746,,,,,,,,,,,,,,,,,,,,,,,,,,,,,,,,,,,,,,,,,,,,,,,,,,,,,,,,,,,,,,,,,,,,,,,,,,,,,,,,,,,,,,,,,,,,,,,,,,,,,,,,,,,,,,,,,,,,,,,,,,,,,,,,,,,,,,,,,,,,,,,,,,,,,,,,,,,,,,,,,,,,,,,,,,,,,,,,,,,,,,,,,,,,,,,,,,,,,,,,,,,,,,,,,,,,,,,,,,,,,,,,,,,,,,,,,,,,,,,,,,,,,,,,,,,,,,,,,,,,,,,,,,,,,,,,,,,,,,,,,,,,,,,,,,,,,,,,,,,,,,,,,,,,,,,,,,,,,,,,,,,,,,,,,,,,,,,,,,,,,,,,,,,,,,,,,,,,,,,,,,,,,,,,,,,,,,,,,,,,,,,,,,,,,,,,,,,,,,,,,,,,,,,,,,,,,,,,,,,,,,,,,,,,,,,,,,,,,,,,,,,,,,,,,,,,,,,,,,,,,,,,,,,,,,,,,,,,,,,,,,,,,,,,,,,,,,,,,,,,,,,,,,,,,,,,,,,,,,,,,,,,,,,,,,,,,,,,,,,,,,,,,,,,,,,,,,,,,,,,,,,,,,,,,,,,,,,,,,,,,,,,,,,,,,
Special Agent In Charge Inspector,Special Agent In Charge,0.9712945268,Special Agent Inspector,0.9704815137,Assistant Special Agent In Charge,0.9433115521,Special Agent,0.9338622702,Special Agent Supervisor,0.9229284619,Supervisory Special Agent,0.9095257688,Senior Special Agent,0.9091768451,Assistant Supervisory Special Agent,0.9089416471,Chief Investigator,0.9057795928,Special Investigator,0.9056892526,Sergeant Detective,0.8967698731,Senior Investigator,0.8953829631,Enforcement Agent,0.8905016279,Investigator,0.8832066594,Crime Scene Investigator,0.880115381,Detective Lieutenant,0.8793445775,Station Officer,0.8786757905,Captain Detective,0.8768557525,Patrol Officer,0.8745478529,Safety Officer,0.8708213086,Detective,0.870320646,Detective Major,0.870297935,Sergeant,0.8688434495,Master Patrol Officer,0.8682754678,Assistant Chief,0.8680132057,Sergeant Unit Supervisor,0.866473182,Detective Corporal,0.8652523927,Inspector,0.8635276602,Superintendant,0.863329674,Service Officer,0.8631411049,,,,,,,,,,,,,,,,,,,,,,,,,,,,,,,,,,,,,,,,,,,,,,,,,,,,,,,,,,,,,,,,,,,,,,,,,,,,,,,,,,,,,,,,,,,,,,,,,,,,,,,,,,,,,,,,,,,,,,,,,,,,,,,,,,,,,,,,,,,,,,,,,,,,,,,,,,,,,,,,,,,,,,,,,,,,,,,,,,,,,,,,,,,,,,,,,,,,,,,,,,,,,,,,,,,,,,,,,,,,,,,,,,,,,,,,,,,,,,,,,,,,,,,,,,,,,,,,,,,,,,,,,,,,,,,,,,,,,,,,,,,,,,,,,,,,,,,,,,,,,,,,,,,,,,,,,,,,,,,,,,,,,,,,,,,,,,,,,,,,,,,,,,,,,,,,,,,,,,,,,,,,,,,,,,,,,,,,,,,,,,,,,,,,,,,,,,,,,,,,,,,,,,,,,,,,,,,,,,,,,,,,,,,,,,,,,,,,,,,,,,,,,,,,,,,,,,,,,,,,,,,,,,,,,,,,,,,,,,,,,,,,,,,,,,,,,,,,,,,,,,,,,,,,,,,,,,,,,,,,,,,,,,,,,,,,,,,,,,,,,,,,,,,,,,,,,,,,,,,,,,,,,,,,,,,,,,,,,,,,,,,,,,,,,,
Sergeant Ii,Sergeant,0.9339395772,Sergeant Detective,0.9051664002,Sergeant Unit Supervisor,0.8918115069,Lieutenant,0.8744826509,Patrol Officer,0.8722635359,Detective Corporal,0.8694382496,Court Security Sergeant,0.8688248585,Lieutenant Colonel,0.8686587845,Detective Lieutenant,0.8665582711,Technical Trooper,0.8657576778,Officer,0.8645492461,Trooper,0.8622423109,Special Agent Inspector,0.8616492951,Warrant Officer,0.8616129427,Special Agent,0.8604675659,Service Officer,0.8597181387,Commander,0.8565880029,Training Officer,0.8564207282,Senior Investigator,0.8561662926,Special Agent Supervisor,0.8559029535,Station Officer,0.8546082859,Senior Special Agent,0.8538048211,Sheriff Deputy,0.8536666146,Detective Major,0.8529205591,Safety Officer,0.8527849536,Master Trooper,0.8526775232,Colonel,0.8519864507,Corporal,0.8515957024,Assistant Chief,0.8515058529,Captain Detective,0.8494647091,,,,,,,,,,,,,,,,,,,,,,,,,,,,,,,,,,,,,,,,,,,,,,,,,,,,,,,,,,,,,,,,,,,,,,,,,,,,,,,,,,,,,,,,,,,,,,,,,,,,,,,,,,,,,,,,,,,,,,,,,,,,,,,,,,,,,,,,,,,,,,,,,,,,,,,,,,,,,,,,,,,,,,,,,,,,,,,,,,,,,,,,,,,,,,,,,,,,,,,,,,,,,,,,,,,,,,,,,,,,,,,,,,,,,,,,,,,,,,,,,,,,,,,,,,,,,,,,,,,,,,,,,,,,,,,,,,,,,,,,,,,,,,,,,,,,,,,,,,,,,,,,,,,,,,,,,,,,,,,,,,,,,,,,,,,,,,,,,,,,,,,,,,,,,,,,,,,,,,,,,,,,,,,,,,,,,,,,,,,,,,,,,,,,,,,,,,,,,,,,,,,,,,,,,,,,,,,,,,,,,,,,,,,,,,,,,,,,,,,,,,,,,,,,,,,,,,,,,,,,,,,,,,,,,,,,,,,,,,,,,,,,,,,,,,,,,,,,,,,,,,,,,,,,,,,,,,,,,,,,,,,,,,,,,,,,,,,,,,,,,,,,,,,,,,,,,,,,,,,,,,,,,,,,,,,,,,,,,,,,,,,,,,,,,,
Atpm,Trooper,0.8196533081,Assistant Park Manager,0.8164634421,Patrol Officer,0.815324965,Admin,0.8152669186,Special Agent,0.8150578472,Technical Trooper,0.8136422908,Training Officer,0.8128728104,Acting Captain,0.8089156715,Commander,0.8078172708,Master Trooper,0.8072565862,Assistant Manager,0.8065806846,Special Agent In Charge,0.8055120755,Assistant Special Agent In Charge,0.8037521127,Master Patrol Officer,0.8031764019,Special Agent Supervisor,0.8023350588,Deputy,0.8015850932,Supervisor,0.800619806,Station Officer,0.7995809966,Special Agent Inspector,0.7989981347,Manager,0.7985855672,Sergeant,0.7984305771,Assistant Chief,0.7983837665,Officer,0.7983132205,Corporal,0.7982605295,Assistant Supervisory Special Agent,0.7966289233,Property,0.7942772634,Colonel,0.7935136056,Captain,0.7925592409,Trainee,0.7925159473,Ranger,0.7923876897,,,,,,,,,,,,,,,,,,,,,,,,,,,,,,,,,,,,,,,,,,,,,,,,,,,,,,,,,,,,,,,,,,,,,,,,,,,,,,,,,,,,,,,,,,,,,,,,,,,,,,,,,,,,,,,,,,,,,,,,,,,,,,,,,,,,,,,,,,,,,,,,,,,,,,,,,,,,,,,,,,,,,,,,,,,,,,,,,,,,,,,,,,,,,,,,,,,,,,,,,,,,,,,,,,,,,,,,,,,,,,,,,,,,,,,,,,,,,,,,,,,,,,,,,,,,,,,,,,,,,,,,,,,,,,,,,,,,,,,,,,,,,,,,,,,,,,,,,,,,,,,,,,,,,,,,,,,,,,,,,,,,,,,,,,,,,,,,,,,,,,,,,,,,,,,,,,,,,,,,,,,,,,,,,,,,,,,,,,,,,,,,,,,,,,,,,,,,,,,,,,,,,,,,,,,,,,,,,,,,,,,,,,,,,,,,,,,,,,,,,,,,,,,,,,,,,,,,,,,,,,,,,,,,,,,,,,,,,,,,,,,,,,,,,,,,,,,,,,,,,,,,,,,,,,,,,,,,,,,,,,,,,,,,,,,,,,,,,,,,,,,,,,,,,,,,,,,,,,,,,,,,,,,,,,,,,,,,,,,,,,,,,,,,,,
Sro,Master Trooper,0.8144228563,Trooper,0.8112682667,Sergeant,0.8096696882,Ranger,0.8067942643,Technical Trooper,0.801101687,Commander,0.8008328592,Colonel,0.798732893,Supervisor,0.7960762057,Sheriff,0.7954951422,School Resource Officer,0.7941723621,Admin,0.7938328383,Others,0.7922832265,Property,0.7909496308,Sergeant Detective,0.79083688,Chief,0.7908298373,Service Officer,0.7906453779,Major,0.790502642,Sergeant Unit Supervisor,0.7882747445,Senior Investigator,0.7879638909,Court Security Sergeant,0.7865408723,Corporal,0.7862889024,Director,0.7861470709,Detective,0.7853253018,Group Supervisor,0.7851830714,Officer,0.7846405903,Detective Corporal,0.7844239998,Deputy,0.7831174819,Manager,0.7818025228,Superintendant,0.7814498316,Dispatch,0.7812454096,,,,,,,,,,,,,,,,,,,,,,,,,,,,,,,,,,,,,,,,,,,,,,,,,,,,,,,,,,,,,,,,,,,,,,,,,,,,,,,,,,,,,,,,,,,,,,,,,,,,,,,,,,,,,,,,,,,,,,,,,,,,,,,,,,,,,,,,,,,,,,,,,,,,,,,,,,,,,,,,,,,,,,,,,,,,,,,,,,,,,,,,,,,,,,,,,,,,,,,,,,,,,,,,,,,,,,,,,,,,,,,,,,,,,,,,,,,,,,,,,,,,,,,,,,,,,,,,,,,,,,,,,,,,,,,,,,,,,,,,,,,,,,,,,,,,,,,,,,,,,,,,,,,,,,,,,,,,,,,,,,,,,,,,,,,,,,,,,,,,,,,,,,,,,,,,,,,,,,,,,,,,,,,,,,,,,,,,,,,,,,,,,,,,,,,,,,,,,,,,,,,,,,,,,,,,,,,,,,,,,,,,,,,,,,,,,,,,,,,,,,,,,,,,,,,,,,,,,,,,,,,,,,,,,,,,,,,,,,,,,,,,,,,,,,,,,,,,,,,,,,,,,,,,,,,,,,,,,,,,,,,,,,,,,,,,,,,,,,,,,,,,,,,,,,,,,,,,,,,,,,,,,,,,,,,,,,,,,,,,,,,,,,,,,,
Motor Carrier Inspector I,Motor Carrier Inspector,0.9719708337,Special Agent Inspector,0.8461558841,Investigator,0.8338785834,Senior Investigator,0.8303725133,Enforcement Agent,0.8286635273,Special Investigator,0.8239458649,Chief Investigator,0.8223329442,Inspector,0.8221120867,Crime Scene Investigator,0.8221010293,Technical Trooper,0.8213442591,Trooper,0.8204499209,Assistant Supervisory Special Agent,0.8202068672,Patrol Officer,0.8183357019,Drug Enforcement Officer,0.8172867871,Supervisory Special Agent,0.8150207629,Special Agent Supervisor,0.8134505516,Assistant Marshal,0.8129404381,Corrections Officer,0.8118909724,Sheriff Deputy,0.8117177974,Master Patrol Officer,0.8116560756,Conservation Officer,0.8114072901,Master Trooper,0.809660782,Assistant Supervisor,0.8080603845,Safety Officer,0.8078393854,Supervisor,0.8074719416,Special Agent,0.8074630284,Detective Lieutenant,0.8064619635,Service Officer,0.8057047415,Sergeant Unit Supervisor,0.8055830964,Senior Special Agent,0.8051856415,,,,,,,,,,,,,,,,,,,,,,,,,,,,,,,,,,,,,,,,,,,,,,,,,,,,,,,,,,,,,,,,,,,,,,,,,,,,,,,,,,,,,,,,,,,,,,,,,,,,,,,,,,,,,,,,,,,,,,,,,,,,,,,,,,,,,,,,,,,,,,,,,,,,,,,,,,,,,,,,,,,,,,,,,,,,,,,,,,,,,,,,,,,,,,,,,,,,,,,,,,,,,,,,,,,,,,,,,,,,,,,,,,,,,,,,,,,,,,,,,,,,,,,,,,,,,,,,,,,,,,,,,,,,,,,,,,,,,,,,,,,,,,,,,,,,,,,,,,,,,,,,,,,,,,,,,,,,,,,,,,,,,,,,,,,,,,,,,,,,,,,,,,,,,,,,,,,,,,,,,,,,,,,,,,,,,,,,,,,,,,,,,,,,,,,,,,,,,,,,,,,,,,,,,,,,,,,,,,,,,,,,,,,,,,,,,,,,,,,,,,,,,,,,,,,,,,,,,,,,,,,,,,,,,,,,,,,,,,,,,,,,,,,,,,,,,,,,,,,,,,,,,,,,,,,,,,,,,,,,,,,,,,,,,,,,,,,,,,,,,,,,,,,,,,,,,,,,,,,,,,,,,,,,,,,,,,,,,,,,,,,,,,,,,,
Mjr,Major,0.8399909997,Detective Major,0.8362053112,Director,0.8333890345,Sheriff,0.8322436739,Manager,0.8316217091,Commander,0.8282332624,Sergeant,0.8273000767,Colonel,0.8270366543,Senior Investigator,0.8255403054,Detective,0.8252008241,Investigator,0.8251926683,Master Trooper,0.8250477152,Supervisor,0.8243101364,Trooper,0.8236190763,Captain Detective,0.8235305846,Ranger,0.8230880994,Marshall,0.8228828249,Others,0.8191471054,Lieutenant,0.818392648,Officer,0.8182023751,Superintendant,0.8181315565,Captain,0.817930871,Admin,0.8177370251,Assistant Marshal,0.8169151934,Corporal,0.8168488289,Detective Lieutenant,0.8150479125,Chief Investigator,0.8138692318,Deputy,0.8136965214,Trainee,0.8131441835,Sergeant Detective,0.8118107378,,,,,,,,,,,,,,,,,,,,,,,,,,,,,,,,,,,,,,,,,,,,,,,,,,,,,,,,,,,,,,,,,,,,,,,,,,,,,,,,,,,,,,,,,,,,,,,,,,,,,,,,,,,,,,,,,,,,,,,,,,,,,,,,,,,,,,,,,,,,,,,,,,,,,,,,,,,,,,,,,,,,,,,,,,,,,,,,,,,,,,,,,,,,,,,,,,,,,,,,,,,,,,,,,,,,,,,,,,,,,,,,,,,,,,,,,,,,,,,,,,,,,,,,,,,,,,,,,,,,,,,,,,,,,,,,,,,,,,,,,,,,,,,,,,,,,,,,,,,,,,,,,,,,,,,,,,,,,,,,,,,,,,,,,,,,,,,,,,,,,,,,,,,,,,,,,,,,,,,,,,,,,,,,,,,,,,,,,,,,,,,,,,,,,,,,,,,,,,,,,,,,,,,,,,,,,,,,,,,,,,,,,,,,,,,,,,,,,,,,,,,,,,,,,,,,,,,,,,,,,,,,,,,,,,,,,,,,,,,,,,,,,,,,,,,,,,,,,,,,,,,,,,,,,,,,,,,,,,,,,,,,,,,,,,,,,,,,,,,,,,,,,,,,,,,,,,,,,,,,,,,,,,,,,,,,,,,,,,,,,,,,,,,,,,
Dpty Chf,Detective Corporal,0.7772085157,Chief Deputy,0.7761553592,Deputy Fire Marshal,0.7754016982,Deputy,0.7744257706,Patrol Officer,0.7742629709,Detective Lieutenant,0.7734369553,Supervisory Deputy,0.7712621573,Master Deputy,0.770588011,Corporal,0.7697985947,Detective,0.7694169691,Assistant Chief,0.7692341457,Captain Detective,0.7690679061,Trainee,0.7683903909,Sergeant Detective,0.767903504,Dispatch,0.767836659,Supervisor,0.7675132429,Chief,0.7670538325,Training Officer,0.7668094603,Acting Chief,0.7665796844,Property,0.765889451,Trooper,0.7656672036,Drug Enforcement Officer,0.7656107613,Sheriff Deputy,0.7654146764,Director,0.7642040167,Commander,0.7634860874,Others,0.7626204327,Safety Officer,0.7615359187,Marshall,0.7611466866,Deputy Director,0.7609182798,Deputy Marshall,0.7608792388,,,,,,,,,,,,,,,,,,,,,,,,,,,,,,,,,,,,,,,,,,,,,,,,,,,,,,,,,,,,,,,,,,,,,,,,,,,,,,,,,,,,,,,,,,,,,,,,,,,,,,,,,,,,,,,,,,,,,,,,,,,,,,,,,,,,,,,,,,,,,,,,,,,,,,,,,,,,,,,,,,,,,,,,,,,,,,,,,,,,,,,,,,,,,,,,,,,,,,,,,,,,,,,,,,,,,,,,,,,,,,,,,,,,,,,,,,,,,,,,,,,,,,,,,,,,,,,,,,,,,,,,,,,,,,,,,,,,,,,,,,,,,,,,,,,,,,,,,,,,,,,,,,,,,,,,,,,,,,,,,,,,,,,,,,,,,,,,,,,,,,,,,,,,,,,,,,,,,,,,,,,,,,,,,,,,,,,,,,,,,,,,,,,,,,,,,,,,,,,,,,,,,,,,,,,,,,,,,,,,,,,,,,,,,,,,,,,,,,,,,,,,,,,,,,,,,,,,,,,,,,,,,,,,,,,,,,,,,,,,,,,,,,,,,,,,,,,,,,,,,,,,,,,,,,,,,,,,,,,,,,,,,,,,,,,,,,,,,,,,,,,,,,,,,,,,,,,,,,,,,,,,,,,,,,,,,,,,,,,,,,,,,,,,,,
Special Agent in Charge,Special Agent In Charge,0.9925495182,Assistant Special Agent In Charge,0.9597661592,Special Agent,0.9414829597,Special Agent Inspector,0.9301843757,Special Agent Supervisor,0.9265631616,Senior Special Agent,0.9102975218,Supervisory Special Agent,0.908603096,Assistant Supervisory Special Agent,0.9068334935,Station Officer,0.888153841,Chief Investigator,0.8860514931,Special Investigator,0.8842564181,Enforcement Agent,0.880118236,Sergeant Detective,0.8780690911,Senior Investigator,0.8751715022,Assistant Chief,0.8741296565,Safety Officer,0.8737752492,Service Officer,0.8735856628,Master Patrol Officer,0.8681149805,Sergeant,0.867305268,Patrol Officer,0.8668071836,Sergeant Unit Supervisor,0.866405018,Acting Chief,0.8657114329,Captain Detective,0.8644039959,Officer,0.8612194578,Acting Captain,0.8612158074,Detective Lieutenant,0.861157215,Training Officer,0.860486365,Superintendant,0.8586277121,Security Officer,0.8575821105,Crime Scene Investigator,0.8573406174,,,,,,,,,,,,,,,,,,,,,,,,,,,,,,,,,,,,,,,,,,,,,,,,,,,,,,,,,,,,,,,,,,,,,,,,,,,,,,,,,,,,,,,,,,,,,,,,,,,,,,,,,,,,,,,,,,,,,,,,,,,,,,,,,,,,,,,,,,,,,,,,,,,,,,,,,,,,,,,,,,,,,,,,,,,,,,,,,,,,,,,,,,,,,,,,,,,,,,,,,,,,,,,,,,,,,,,,,,,,,,,,,,,,,,,,,,,,,,,,,,,,,,,,,,,,,,,,,,,,,,,,,,,,,,,,,,,,,,,,,,,,,,,,,,,,,,,,,,,,,,,,,,,,,,,,,,,,,,,,,,,,,,,,,,,,,,,,,,,,,,,,,,,,,,,,,,,,,,,,,,,,,,,,,,,,,,,,,,,,,,,,,,,,,,,,,,,,,,,,,,,,,,,,,,,,,,,,,,,,,,,,,,,,,,,,,,,,,,,,,,,,,,,,,,,,,,,,,,,,,,,,,,,,,,,,,,,,,,,,,,,,,,,,,,,,,,,,,,,,,,,,,,,,,,,,,,,,,,,,,,,,,,,,,,,,,,,,,,,,,,,,,,,,,,,,,,,,,,,,,,,,,,,,,,,,,,,,,,,,,,,,,,,,,,
Prtl Off,Patrol Officer,0.802455274,Officer,0.7993114981,Trooper,0.7966224,Corporal,0.7954288182,Property,0.7952929154,Others,0.7950592386,Admin,0.7929540523,Dispatch,0.7929246408,Parole Officer,0.7920345757,Master Patrol Officer,0.7882948546,Ranger,0.7873997496,Station Officer,0.7866757235,Warrant Officer,0.7859223119,Director,0.7856379775,Major,0.7849598164,Master Trooper,0.7844062327,Marshall,0.7831757518,Commander,0.7829028814,Technical Trooper,0.7815665866,Service Officer,0.7814090171,Fire Marshall,0.7812129968,Lieutenant,0.780352457,Detective Corporal,0.7802427388,Colonel,0.7781051904,Captain,0.7778555428,Sergeant,0.7775229854,Deputy,0.7770587331,Conservation Officer,0.7761214588,Supervisor,0.7751806301,Lieutenant Colonel,0.7751349362,,,,,,,,,,,,,,,,,,,,,,,,,,,,,,,,,,,,,,,,,,,,,,,,,,,,,,,,,,,,,,,,,,,,,,,,,,,,,,,,,,,,,,,,,,,,,,,,,,,,,,,,,,,,,,,,,,,,,,,,,,,,,,,,,,,,,,,,,,,,,,,,,,,,,,,,,,,,,,,,,,,,,,,,,,,,,,,,,,,,,,,,,,,,,,,,,,,,,,,,,,,,,,,,,,,,,,,,,,,,,,,,,,,,,,,,,,,,,,,,,,,,,,,,,,,,,,,,,,,,,,,,,,,,,,,,,,,,,,,,,,,,,,,,,,,,,,,,,,,,,,,,,,,,,,,,,,,,,,,,,,,,,,,,,,,,,,,,,,,,,,,,,,,,,,,,,,,,,,,,,,,,,,,,,,,,,,,,,,,,,,,,,,,,,,,,,,,,,,,,,,,,,,,,,,,,,,,,,,,,,,,,,,,,,,,,,,,,,,,,,,,,,,,,,,,,,,,,,,,,,,,,,,,,,,,,,,,,,,,,,,,,,,,,,,,,,,,,,,,,,,,,,,,,,,,,,,,,,,,,,,,,,,,,,,,,,,,,,,,,,,,,,,,,,,,,,,,,,,,,,,,,,,,,,,,,,,,,,,,,,,,,,,,,,,
Act Chf,Acting Chief,0.8314624632,Acting Captain,0.8202499756,Acting Major,0.8085975303,Dispatch,0.7951308393,Chief,0.7831129323,Assistant Chief,0.7829579017,Special Agent In Charge,0.7787987656,Commander,0.7781126689,Director,0.7775785941,Supervisor,0.7752523531,Assistant Special Agent In Charge,0.7736105871,Captain Detective,0.7724023895,Service Officer,0.7714264231,Ranger,0.7710225982,Trooper,0.7704591198,Special Agent,0.7703000971,Dispatch Supervisor,0.7702032741,Fire Marshall,0.7695073993,Station Officer,0.7689052448,Trainee,0.7681830442,Major,0.7676970437,Captain,0.7673216115,Sheriff,0.7672881137,Group Supervisor,0.7669156224,Safety Officer,0.7669059146,Officer,0.7667652696,Admin,0.7667164011,Community Resource Officer,0.7653408357,Deputy,0.7651641705,Patrol Officer,0.7645273566,,,,,,,,,,,,,,,,,,,,,,,,,,,,,,,,,,,,,,,,,,,,,,,,,,,,,,,,,,,,,,,,,,,,,,,,,,,,,,,,,,,,,,,,,,,,,,,,,,,,,,,,,,,,,,,,,,,,,,,,,,,,,,,,,,,,,,,,,,,,,,,,,,,,,,,,,,,,,,,,,,,,,,,,,,,,,,,,,,,,,,,,,,,,,,,,,,,,,,,,,,,,,,,,,,,,,,,,,,,,,,,,,,,,,,,,,,,,,,,,,,,,,,,,,,,,,,,,,,,,,,,,,,,,,,,,,,,,,,,,,,,,,,,,,,,,,,,,,,,,,,,,,,,,,,,,,,,,,,,,,,,,,,,,,,,,,,,,,,,,,,,,,,,,,,,,,,,,,,,,,,,,,,,,,,,,,,,,,,,,,,,,,,,,,,,,,,,,,,,,,,,,,,,,,,,,,,,,,,,,,,,,,,,,,,,,,,,,,,,,,,,,,,,,,,,,,,,,,,,,,,,,,,,,,,,,,,,,,,,,,,,,,,,,,,,,,,,,,,,,,,,,,,,,,,,,,,,,,,,,,,,,,,,,,,,,,,,,,,,,,,,,,,,,,,,,,,,,,,,,,,,,,,,,,,,,,,,,,,,,,,,,,,,,,,
Officer Iv,Officer,0.8939632193,Patrol Officer,0.8794259243,Station Officer,0.868722629,Service Officer,0.8630172231,Warrant Officer,0.8623684701,Trooper,0.8574047801,Sergeant,0.8571405257,Investigator,0.8530468241,Corrections Officer,0.8526861205,Safety Officer,0.8520700319,Training Officer,0.8509694138,Parole Officer,0.8493184233,Master Patrol Officer,0.8487544099,Special Agent Inspector,0.8484463644,Commander,0.8475132635,Detective Lieutenant,0.845310684,Security Officer,0.8446723805,Conservation Officer,0.8440236093,Senior Investigator,0.8431365427,Lieutenant,0.8429816686,Sergeant Detective,0.8423673218,Drug Enforcement Officer,0.8419460552,Detective Corporal,0.8418831792,Sheriff,0.840597669,Chief Investigator,0.8398508838,Special Agent,0.8396860152,Sheriff Deputy,0.8393694654,Enforcement Agent,0.837682747,Special Investigator,0.8372779433,Detective Major,0.8368171176,,,,,,,,,,,,,,,,,,,,,,,,,,,,,,,,,,,,,,,,,,,,,,,,,,,,,,,,,,,,,,,,,,,,,,,,,,,,,,,,,,,,,,,,,,,,,,,,,,,,,,,,,,,,,,,,,,,,,,,,,,,,,,,,,,,,,,,,,,,,,,,,,,,,,,,,,,,,,,,,,,,,,,,,,,,,,,,,,,,,,,,,,,,,,,,,,,,,,,,,,,,,,,,,,,,,,,,,,,,,,,,,,,,,,,,,,,,,,,,,,,,,,,,,,,,,,,,,,,,,,,,,,,,,,,,,,,,,,,,,,,,,,,,,,,,,,,,,,,,,,,,,,,,,,,,,,,,,,,,,,,,,,,,,,,,,,,,,,,,,,,,,,,,,,,,,,,,,,,,,,,,,,,,,,,,,,,,,,,,,,,,,,,,,,,,,,,,,,,,,,,,,,,,,,,,,,,,,,,,,,,,,,,,,,,,,,,,,,,,,,,,,,,,,,,,,,,,,,,,,,,,,,,,,,,,,,,,,,,,,,,,,,,,,,,,,,,,,,,,,,,,,,,,,,,,,,,,,,,,,,,,,,,,,,,,,,,,,,,,,,,,,,,,,,,,,,,,,,,,,,,,,,,,,,,,,,,,,,,,,,,,,,,,,,,
Deputy/Forensic Scientist Iv,Deputy/Forensic Scientist,0.9644240742,Crime Scene Investigator,0.8791298092,Sheriff Deputy,0.8789313005,Deputy Fire Marshal,0.8737857022,Senior Investigator,0.871583935,Investigator,0.8706528694,Deputy,0.8672914323,Supervisory Deputy,0.8626916047,Chief Investigator,0.8621024996,Deputy Director,0.8575123925,Chief Deputy,0.8558779631,Detective Lieutenant,0.8548620004,Deputy Bailiff,0.8527877038,Master Deputy,0.8500236786,Sergeant Detective,0.8498524693,Forensic Accountant,0.8497155916,Assistant Supervisory Special Agent,0.849588868,Special Investigator,0.8483878712,Deputy Marshall,0.8444441548,Senior Special Agent,0.8444002183,Drug Enforcement Officer,0.8422002529,Detective Corporal,0.8414106926,Assistant Marshal,0.8407730992,Safety Officer,0.8399996985,Detective,0.8398670434,Technical Trooper,0.8372665807,Supervisory Special Agent,0.8355526654,Special Agent Inspector,0.8352720488,Sheriff,0.8350955732,Special Agent Supervisor,0.8347998094,,,,,,,,,,,,,,,,,,,,,,,,,,,,,,,,,,,,,,,,,,,,,,,,,,,,,,,,,,,,,,,,,,,,,,,,,,,,,,,,,,,,,,,,,,,,,,,,,,,,,,,,,,,,,,,,,,,,,,,,,,,,,,,,,,,,,,,,,,,,,,,,,,,,,,,,,,,,,,,,,,,,,,,,,,,,,,,,,,,,,,,,,,,,,,,,,,,,,,,,,,,,,,,,,,,,,,,,,,,,,,,,,,,,,,,,,,,,,,,,,,,,,,,,,,,,,,,,,,,,,,,,,,,,,,,,,,,,,,,,,,,,,,,,,,,,,,,,,,,,,,,,,,,,,,,,,,,,,,,,,,,,,,,,,,,,,,,,,,,,,,,,,,,,,,,,,,,,,,,,,,,,,,,,,,,,,,,,,,,,,,,,,,,,,,,,,,,,,,,,,,,,,,,,,,,,,,,,,,,,,,,,,,,,,,,,,,,,,,,,,,,,,,,,,,,,,,,,,,,,,,,,,,,,,,,,,,,,,,,,,,,,,,,,,,,,,,,,,,,,,,,,,,,,,,,,,,,,,,,,,,,,,,,,,,,,,,,,,,,,,,,,,,,,,,,,,,,,,,,,,,,,,,,,,,,,,,,,,,,,,,,,,,,,,,
Mci1,Motor Carrier Inspector,0.8063167034,Others,0.7944955176,Master Trooper,0.7941046581,Trainee,0.7924113347,Investigator,0.7910641789,Marshall,0.7901997135,Dispatch,0.7900712605,Commander,0.7897468269,Special Agent In Charge,0.7890999577,Manager,0.7867008201,Director,0.7852195927,Special Agent,0.7850985699,Ranger,0.7843256073,Major,0.7842750281,Crime Scene Investigator,0.7837694395,Assistant Marshal,0.7834570935,Chief Investigator,0.7818915719,Captain Detective,0.7817027547,Supervisor,0.7816818262,Colonel,0.7805385233,Special Agent Inspector,0.7803448531,Acting Captain,0.7793689223,Sheriff,0.7793443395,Trooper,0.7792773316,Senior Investigator,0.7792147605,Deputy,0.7791777025,Deputy Marshall,0.779028109,Special Investigator,0.7789685904,Detective Major,0.7786331057,Master Patrol Officer,0.7786233173,,,,,,,,,,,,,,,,,,,,,,,,,,,,,,,,,,,,,,,,,,,,,,,,,,,,,,,,,,,,,,,,,,,,,,,,,,,,,,,,,,,,,,,,,,,,,,,,,,,,,,,,,,,,,,,,,,,,,,,,,,,,,,,,,,,,,,,,,,,,,,,,,,,,,,,,,,,,,,,,,,,,,,,,,,,,,,,,,,,,,,,,,,,,,,,,,,,,,,,,,,,,,,,,,,,,,,,,,,,,,,,,,,,,,,,,,,,,,,,,,,,,,,,,,,,,,,,,,,,,,,,,,,,,,,,,,,,,,,,,,,,,,,,,,,,,,,,,,,,,,,,,,,,,,,,,,,,,,,,,,,,,,,,,,,,,,,,,,,,,,,,,,,,,,,,,,,,,,,,,,,,,,,,,,,,,,,,,,,,,,,,,,,,,,,,,,,,,,,,,,,,,,,,,,,,,,,,,,,,,,,,,,,,,,,,,,,,,,,,,,,,,,,,,,,,,,,,,,,,,,,,,,,,,,,,,,,,,,,,,,,,,,,,,,,,,,,,,,,,,,,,,,,,,,,,,,,,,,,,,,,,,,,,,,,,,,,,,,,,,,,,,,,,,,,,,,,,,,,,,,,,,,,,,,,,,,,,,,,,,,,,,,,,,,,
Apkmgr,Manager,0.8054984056,Admin,0.7984779041,Commander,0.7917955625,Supervisor,0.7894355142,Ranger,0.7844736648,Group Supervisor,0.7777112496,Trooper,0.7759865403,Director,0.7755479542,Land Manager,0.7731505801,Dispatch,0.7726518384,Dispatch Supervisor,0.7702994964,Master Trooper,0.7701628382,Others,0.7693051235,Major,0.768458524,Assistant Manager,0.7680603083,Inspector,0.7663646341,Chief,0.7661743962,Officer,0.765533183,Analyst,0.7655261443,Assistant Chief,0.7653697371,Technical Trooper,0.7648545236,Assistant Park Manager,0.7643150077,Fire Marshall,0.7642286235,Trainee,0.7637216868,Patrol Officer,0.7635519241,Assistant Marshal,0.7633601612,Sheriff,0.7621782017,Captain,0.7613940904,Sergeant,0.7608185486,Motor Carrier Inspector,0.7603658569,,,,,,,,,,,,,,,,,,,,,,,,,,,,,,,,,,,,,,,,,,,,,,,,,,,,,,,,,,,,,,,,,,,,,,,,,,,,,,,,,,,,,,,,,,,,,,,,,,,,,,,,,,,,,,,,,,,,,,,,,,,,,,,,,,,,,,,,,,,,,,,,,,,,,,,,,,,,,,,,,,,,,,,,,,,,,,,,,,,,,,,,,,,,,,,,,,,,,,,,,,,,,,,,,,,,,,,,,,,,,,,,,,,,,,,,,,,,,,,,,,,,,,,,,,,,,,,,,,,,,,,,,,,,,,,,,,,,,,,,,,,,,,,,,,,,,,,,,,,,,,,,,,,,,,,,,,,,,,,,,,,,,,,,,,,,,,,,,,,,,,,,,,,,,,,,,,,,,,,,,,,,,,,,,,,,,,,,,,,,,,,,,,,,,,,,,,,,,,,,,,,,,,,,,,,,,,,,,,,,,,,,,,,,,,,,,,,,,,,,,,,,,,,,,,,,,,,,,,,,,,,,,,,,,,,,,,,,,,,,,,,,,,,,,,,,,,,,,,,,,,,,,,,,,,,,,,,,,,,,,,,,,,,,,,,,,,,,,,,,,,,,,,,,,,,,,,,,,,,,,,,,,,,,,,,,,,,,,,,,,,,,,,,,,,
Asst Chf,Assistant Chief,0.8970017207,Assistant Special Agent In Charge,0.8727258563,Assistant Manager,0.8685634301,Acting Chief,0.8662344784,Assistant Supervisor,0.8608057669,Chief Deputy,0.8605077928,Assistant Director,0.8546179884,Assistant Marshal,0.853570586,Special Agent In Charge,0.8531529008,Assistant Supervisory Special Agent,0.8493089968,Supervisor,0.8488289603,Associate Director,0.8487004028,Safety Officer,0.8474499691,Supervisory Deputy,0.8464851313,Deputy Director,0.8435413534,Master Deputy,0.8430876688,Special Agent Supervisor,0.8420224043,Deputy Fire Marshal,0.8419568317,Station Officer,0.8415436367,Assistant Park Manager,0.8408665307,Service Officer,0.8406735581,Assistant Land Manager,0.8387604438,Sheriff Deputy,0.8382905552,Chief,0.8381320871,Superintendant,0.836926096,Training Officer,0.8365319008,Commander,0.8365285631,Deputy,0.8364240338,Group Supervisor,0.8356013538,Sheriff,0.8349613571,,,,,,,,,,,,,,,,,,,,,,,,,,,,,,,,,,,,,,,,,,,,,,,,,,,,,,,,,,,,,,,,,,,,,,,,,,,,,,,,,,,,,,,,,,,,,,,,,,,,,,,,,,,,,,,,,,,,,,,,,,,,,,,,,,,,,,,,,,,,,,,,,,,,,,,,,,,,,,,,,,,,,,,,,,,,,,,,,,,,,,,,,,,,,,,,,,,,,,,,,,,,,,,,,,,,,,,,,,,,,,,,,,,,,,,,,,,,,,,,,,,,,,,,,,,,,,,,,,,,,,,,,,,,,,,,,,,,,,,,,,,,,,,,,,,,,,,,,,,,,,,,,,,,,,,,,,,,,,,,,,,,,,,,,,,,,,,,,,,,,,,,,,,,,,,,,,,,,,,,,,,,,,,,,,,,,,,,,,,,,,,,,,,,,,,,,,,,,,,,,,,,,,,,,,,,,,,,,,,,,,,,,,,,,,,,,,,,,,,,,,,,,,,,,,,,,,,,,,,,,,,,,,,,,,,,,,,,,,,,,,,,,,,,,,,,,,,,,,,,,,,,,,,,,,,,,,,,,,,,,,,,,,,,,,,,,,,,,,,,,,,,,,,,,,,,,,,,,,,,,,,,,,,,,,,,,,,,,,,,,,,,,,,,,,
Dmrsl,Detective Major,0.8319780544,Detective Corporal,0.8263019417,Detective Lieutenant,0.822693345,Sergeant,0.8212367514,Detective,0.8199723125,Commander,0.819617373,Captain Detective,0.8186868941,Trooper,0.8177706167,Corporal,0.8173805781,Sheriff,0.8167989441,Sergeant Detective,0.8150598628,Director,0.8141149098,Colonel,0.8140447212,Ranger,0.8138575981,Master Trooper,0.8136870294,Others,0.8127633468,Deputy,0.8102445249,Deputy Marshall,0.8085977192,Marshall,0.808287346,Investigator,0.8080060159,Admin,0.8070611208,Sheriff Deputy,0.8067756969,Supervisor,0.8062495045,Lieutenant,0.806097764,Deputy Fire Marshal,0.8060970382,Senior Investigator,0.8059584363,Fire Marshall,0.8057228766,Undersheriff,0.8055097117,Manager,0.8033445266,Drug Enforcement Officer,0.8025166093,,,,,,,,,,,,,,,,,,,,,,,,,,,,,,,,,,,,,,,,,,,,,,,,,,,,,,,,,,,,,,,,,,,,,,,,,,,,,,,,,,,,,,,,,,,,,,,,,,,,,,,,,,,,,,,,,,,,,,,,,,,,,,,,,,,,,,,,,,,,,,,,,,,,,,,,,,,,,,,,,,,,,,,,,,,,,,,,,,,,,,,,,,,,,,,,,,,,,,,,,,,,,,,,,,,,,,,,,,,,,,,,,,,,,,,,,,,,,,,,,,,,,,,,,,,,,,,,,,,,,,,,,,,,,,,,,,,,,,,,,,,,,,,,,,,,,,,,,,,,,,,,,,,,,,,,,,,,,,,,,,,,,,,,,,,,,,,,,,,,,,,,,,,,,,,,,,,,,,,,,,,,,,,,,,,,,,,,,,,,,,,,,,,,,,,,,,,,,,,,,,,,,,,,,,,,,,,,,,,,,,,,,,,,,,,,,,,,,,,,,,,,,,,,,,,,,,,,,,,,,,,,,,,,,,,,,,,,,,,,,,,,,,,,,,,,,,,,,,,,,,,,,,,,,,,,,,,,,,,,,,,,,,,,,,,,,,,,,,,,,,,,,,,,,,,,,,,,,,,,,,,,,,,,,,,,,,,,,,,,,,,,,,,,,,
Patroll Officer,Patrol Officer,0.9812829072,Officer,0.9293961798,Master Patrol Officer,0.9245542089,Station Officer,0.916677967,Trooper,0.908072493,Parole Officer,0.9031366646,Service Officer,0.900261127,Detective Corporal,0.8941913955,Sergeant Detective,0.8919622119,Conservation Officer,0.891117733,Sergeant,0.8879500828,Warrant Officer,0.8878024398,Detective Lieutenant,0.8847156625,Safety Officer,0.8832113176,Special Agent,0.8822658719,Special Agent Inspector,0.8822276758,Enforcement Agent,0.8813257227,Drug Enforcement Officer,0.8806308413,Corrections Officer,0.8782679342,Captain Detective,0.8758677575,Security Officer,0.8755451657,Training Officer,0.8754723058,Detective,0.8735457619,Sheriff Deputy,0.8732511517,Sheriff,0.8724879391,Special Agent Supervisor,0.8666969156,Court Security Sergeant,0.8663071528,Technical Trooper,0.8661881603,Community Resource Officer,0.8647378789,Lieutenant,0.8641037918,,,,,,,,,,,,,,,,,,,,,,,,,,,,,,,,,,,,,,,,,,,,,,,,,,,,,,,,,,,,,,,,,,,,,,,,,,,,,,,,,,,,,,,,,,,,,,,,,,,,,,,,,,,,,,,,,,,,,,,,,,,,,,,,,,,,,,,,,,,,,,,,,,,,,,,,,,,,,,,,,,,,,,,,,,,,,,,,,,,,,,,,,,,,,,,,,,,,,,,,,,,,,,,,,,,,,,,,,,,,,,,,,,,,,,,,,,,,,,,,,,,,,,,,,,,,,,,,,,,,,,,,,,,,,,,,,,,,,,,,,,,,,,,,,,,,,,,,,,,,,,,,,,,,,,,,,,,,,,,,,,,,,,,,,,,,,,,,,,,,,,,,,,,,,,,,,,,,,,,,,,,,,,,,,,,,,,,,,,,,,,,,,,,,,,,,,,,,,,,,,,,,,,,,,,,,,,,,,,,,,,,,,,,,,,,,,,,,,,,,,,,,,,,,,,,,,,,,,,,,,,,,,,,,,,,,,,,,,,,,,,,,,,,,,,,,,,,,,,,,,,,,,,,,,,,,,,,,,,,,,,,,,,,,,,,,,,,,,,,,,,,,,,,,,,,,,,,,,,,,,,,,,,,,,,,,,,,,,,,,,,,,,,,,,,
Motor Carrier Inspector Ii,Motor Carrier Inspector,0.9648560191,Special Agent Inspector,0.8465377065,Senior Investigator,0.8320582297,Investigator,0.8316710675,Technical Trooper,0.8306614559,Enforcement Agent,0.8264734118,Chief Investigator,0.8256482114,Special Investigator,0.8254075721,Crime Scene Investigator,0.8247758435,Assistant Supervisory Special Agent,0.8243904104,Trooper,0.8222302115,Inspector,0.8216508691,Patrol Officer,0.8189913236,Drug Enforcement Officer,0.8185715288,Special Agent Supervisor,0.8177940163,Supervisory Special Agent,0.8164654167,Assistant Supervisor,0.8158358338,Sheriff Deputy,0.8154526815,Safety Officer,0.8135175187,Sergeant Unit Supervisor,0.8133326645,Assistant Marshal,0.8131030291,Service Officer,0.8126195663,Master Trooper,0.8124413019,Corrections Officer,0.8118626289,Supervisor,0.8114624318,Sergeant Detective,0.8108699708,Conservation Officer,0.8105970611,Master Patrol Officer,0.8100828232,Special Agent,0.8091643301,Detective Lieutenant,0.8086972123,,,,,,,,,,,,,,,,,,,,,,,,,,,,,,,,,,,,,,,,,,,,,,,,,,,,,,,,,,,,,,,,,,,,,,,,,,,,,,,,,,,,,,,,,,,,,,,,,,,,,,,,,,,,,,,,,,,,,,,,,,,,,,,,,,,,,,,,,,,,,,,,,,,,,,,,,,,,,,,,,,,,,,,,,,,,,,,,,,,,,,,,,,,,,,,,,,,,,,,,,,,,,,,,,,,,,,,,,,,,,,,,,,,,,,,,,,,,,,,,,,,,,,,,,,,,,,,,,,,,,,,,,,,,,,,,,,,,,,,,,,,,,,,,,,,,,,,,,,,,,,,,,,,,,,,,,,,,,,,,,,,,,,,,,,,,,,,,,,,,,,,,,,,,,,,,,,,,,,,,,,,,,,,,,,,,,,,,,,,,,,,,,,,,,,,,,,,,,,,,,,,,,,,,,,,,,,,,,,,,,,,,,,,,,,,,,,,,,,,,,,,,,,,,,,,,,,,,,,,,,,,,,,,,,,,,,,,,,,,,,,,,,,,,,,,,,,,,,,,,,,,,,,,,,,,,,,,,,,,,,,,,,,,,,,,,,,,,,,,,,,,,,,,,,,,,,,,,,,,,,,,,,,,,,,,,,,,,,,,,,,,,,,,,,,
Sac,Captain,0.8259261095,Sergeant,0.816175489,Property,0.8158071933,Admin,0.8153810415,Inspector,0.8107564662,Dispatch,0.8095909779,Manager,0.809550216,Chief,0.8066024731,Major,0.8055990094,Director,0.8051272368,Trooper,0.8008648761,Corporal,0.7995178984,Others,0.7947664343,Sergeant Detective,0.794046516,Sheriff,0.7938361909,Marshall,0.7937728363,Court Security Sergeant,0.7922434028,Colonel,0.7911016452,Special Agent,0.7906118727,Sergeant Unit Supervisor,0.7888668034,Officer,0.7885900412,Commander,0.7885033013,Captain Detective,0.7881528007,Detective,0.7877885452,Supervisor,0.786897677,Ranger,0.7866812981,Master Trooper,0.7850715682,Safety Officer,0.7844649539,Acting Captain,0.7834380267,Records,0.7824636901,,,,,,,,,,,,,,,,,,,,,,,,,,,,,,,,,,,,,,,,,,,,,,,,,,,,,,,,,,,,,,,,,,,,,,,,,,,,,,,,,,,,,,,,,,,,,,,,,,,,,,,,,,,,,,,,,,,,,,,,,,,,,,,,,,,,,,,,,,,,,,,,,,,,,,,,,,,,,,,,,,,,,,,,,,,,,,,,,,,,,,,,,,,,,,,,,,,,,,,,,,,,,,,,,,,,,,,,,,,,,,,,,,,,,,,,,,,,,,,,,,,,,,,,,,,,,,,,,,,,,,,,,,,,,,,,,,,,,,,,,,,,,,,,,,,,,,,,,,,,,,,,,,,,,,,,,,,,,,,,,,,,,,,,,,,,,,,,,,,,,,,,,,,,,,,,,,,,,,,,,,,,,,,,,,,,,,,,,,,,,,,,,,,,,,,,,,,,,,,,,,,,,,,,,,,,,,,,,,,,,,,,,,,,,,,,,,,,,,,,,,,,,,,,,,,,,,,,,,,,,,,,,,,,,,,,,,,,,,,,,,,,,,,,,,,,,,,,,,,,,,,,,,,,,,,,,,,,,,,,,,,,,,,,,,,,,,,,,,,,,,,,,,,,,,,,,,,,,,,,,,,,,,,,,,,,,,,,,,,,,,,,,,,,,,
Sag Ic,Special Agent In Charge,0.7896061348,Special Investigator,0.7887065344,Sergeant,0.788172362,Special Agent Inspector,0.788168592,Sergeant Detective,0.7862744844,Ranger,0.7840125175,Senior Investigator,0.7833986579,Investigator,0.7822735661,Crime Scene Investigator,0.7804428205,Chief Investigator,0.7781357787,Captain Detective,0.7779129118,Acting Chief,0.7769550826,Acting Captain,0.7755038653,Detective,0.7753488732,Commander,0.7752949396,Special Agent,0.7752694954,Analyst,0.7751421071,Assistant Chief,0.7747384389,Service Officer,0.7736309056,Inspector,0.7735986372,Sheriff,0.7735782259,Dispatch,0.7731583209,Director,0.7730079776,Major,0.7729356356,Sergeant Unit Supervisor,0.771846463,Assistant Special Agent In Charge,0.7700296762,Safety Officer,0.7694665115,Senior Special Agent,0.7691000978,Corporal,0.7676951315,Detective Major,0.7674602177,,,,,,,,,,,,,,,,,,,,,,,,,,,,,,,,,,,,,,,,,,,,,,,,,,,,,,,,,,,,,,,,,,,,,,,,,,,,,,,,,,,,,,,,,,,,,,,,,,,,,,,,,,,,,,,,,,,,,,,,,,,,,,,,,,,,,,,,,,,,,,,,,,,,,,,,,,,,,,,,,,,,,,,,,,,,,,,,,,,,,,,,,,,,,,,,,,,,,,,,,,,,,,,,,,,,,,,,,,,,,,,,,,,,,,,,,,,,,,,,,,,,,,,,,,,,,,,,,,,,,,,,,,,,,,,,,,,,,,,,,,,,,,,,,,,,,,,,,,,,,,,,,,,,,,,,,,,,,,,,,,,,,,,,,,,,,,,,,,,,,,,,,,,,,,,,,,,,,,,,,,,,,,,,,,,,,,,,,,,,,,,,,,,,,,,,,,,,,,,,,,,,,,,,,,,,,,,,,,,,,,,,,,,,,,,,,,,,,,,,,,,,,,,,,,,,,,,,,,,,,,,,,,,,,,,,,,,,,,,,,,,,,,,,,,,,,,,,,,,,,,,,,,,,,,,,,,,,,,,,,,,,,,,,,,,,,,,,,,,,,,,,,,,,,,,,,,,,,,,,,,,,,,,,,,,,,,,,,,,,,,,,,,,,,,
Deputy/Forensic Scientist Iii,Deputy/Forensic Scientist,0.9623830453,Sheriff Deputy,0.8779011936,Crime Scene Investigator,0.8740367692,Deputy Fire Marshal,0.8687883551,Deputy,0.864398006,Senior Investigator,0.861071872,Investigator,0.8610301264,Supervisory Deputy,0.8603978008,Chief Deputy,0.8533992177,Chief Investigator,0.851976417,Deputy Director,0.848568015,Master Deputy,0.8480553239,Deputy Bailiff,0.8449938253,Detective Lieutenant,0.8435178492,Assistant Supervisory Special Agent,0.8424017144,Sergeant Detective,0.8412687919,Forensic Accountant,0.8401184863,Special Investigator,0.834095651,Detective,0.8338825361,Assistant Marshal,0.8330511894,Senior Special Agent,0.8329946861,Deputy Marshall,0.8328117983,Drug Enforcement Officer,0.8320757766,Detective Corporal,0.831623919,Special Agent Supervisor,0.8301767229,Safety Officer,0.8293838098,Detective Major,0.8286901598,Technical Trooper,0.8281353937,Sheriff,0.8279646751,Assistant Chief,0.8277627067,,,,,,,,,,,,,,,,,,,,,,,,,,,,,,,,,,,,,,,,,,,,,,,,,,,,,,,,,,,,,,,,,,,,,,,,,,,,,,,,,,,,,,,,,,,,,,,,,,,,,,,,,,,,,,,,,,,,,,,,,,,,,,,,,,,,,,,,,,,,,,,,,,,,,,,,,,,,,,,,,,,,,,,,,,,,,,,,,,,,,,,,,,,,,,,,,,,,,,,,,,,,,,,,,,,,,,,,,,,,,,,,,,,,,,,,,,,,,,,,,,,,,,,,,,,,,,,,,,,,,,,,,,,,,,,,,,,,,,,,,,,,,,,,,,,,,,,,,,,,,,,,,,,,,,,,,,,,,,,,,,,,,,,,,,,,,,,,,,,,,,,,,,,,,,,,,,,,,,,,,,,,,,,,,,,,,,,,,,,,,,,,,,,,,,,,,,,,,,,,,,,,,,,,,,,,,,,,,,,,,,,,,,,,,,,,,,,,,,,,,,,,,,,,,,,,,,,,,,,,,,,,,,,,,,,,,,,,,,,,,,,,,,,,,,,,,,,,,,,,,,,,,,,,,,,,,,,,,,,,,,,,,,,,,,,,,,,,,,,,,,,,,,,,,,,,,,,,,,,,,,,,,,,,,,,,,,,,,,,,,,,,,,,,,,
Alnd Mgr,Assistant Manager,0.8696701339,Assistant Land Manager,0.8668925138,Manager,0.8602649805,Land Manager,0.8529419554,Supervisor,0.8516860665,Assistant Park Manager,0.8513668622,Group Supervisor,0.8447789332,Assistant Supervisor,0.8417443247,Assistant Chief,0.840993292,Admin,0.8381023753,Associate Director,0.8330887355,Commander,0.8314970455,Assistant Marshal,0.8292561471,Ranger,0.828157177,Assistant Director,0.8269461962,Special Agent Supervisor,0.8265368314,Special Agent In Charge,0.8254489234,Assistant Special Agent In Charge,0.8201027568,Special Agent,0.8200613123,Director,0.8198555135,Service Officer,0.8198025409,Analyst,0.8197880604,Sergeant,0.8185198351,Station Officer,0.8161105558,Superintendant,0.8154902653,Master Patrol Officer,0.81491928,Master Deputy,0.8146732253,Senior Dispatch,0.8146494551,Master Trooper,0.812718846,Senior Investigator,0.8120761736,,,,,,,,,,,,,,,,,,,,,,,,,,,,,,,,,,,,,,,,,,,,,,,,,,,,,,,,,,,,,,,,,,,,,,,,,,,,,,,,,,,,,,,,,,,,,,,,,,,,,,,,,,,,,,,,,,,,,,,,,,,,,,,,,,,,,,,,,,,,,,,,,,,,,,,,,,,,,,,,,,,,,,,,,,,,,,,,,,,,,,,,,,,,,,,,,,,,,,,,,,,,,,,,,,,,,,,,,,,,,,,,,,,,,,,,,,,,,,,,,,,,,,,,,,,,,,,,,,,,,,,,,,,,,,,,,,,,,,,,,,,,,,,,,,,,,,,,,,,,,,,,,,,,,,,,,,,,,,,,,,,,,,,,,,,,,,,,,,,,,,,,,,,,,,,,,,,,,,,,,,,,,,,,,,,,,,,,,,,,,,,,,,,,,,,,,,,,,,,,,,,,,,,,,,,,,,,,,,,,,,,,,,,,,,,,,,,,,,,,,,,,,,,,,,,,,,,,,,,,,,,,,,,,,,,,,,,,,,,,,,,,,,,,,,,,,,,,,,,,,,,,,,,,,,,,,,,,,,,,,,,,,,,,,,,,,,,,,,,,,,,,,,,,,,,,,,,,,,,,,,,,,,,,,,,,,,,,,,,,,,,,,,,,,,
Aprmngr,Supervisor,0.8701617058,Admin,0.8540301744,Commander,0.8486957897,Manager,0.847914519,Group Supervisor,0.8424431207,Director,0.8424108761,Assistant Supervisor,0.8419678403,Assistant Manager,0.8401309855,Ranger,0.8336829714,Officer,0.8331397934,Assistant Park Manager,0.8316486477,Assistant Chief,0.8315711343,Sergeant,0.8311891451,Analyst,0.8291775987,Land Manager,0.8275150701,Trainee,0.8262760153,Investigator,0.8262121671,Trooper,0.8257993462,Deputy,0.8253406104,Chief,0.8247781409,Assistant Land Manager,0.8231539092,Superintendant,0.8228500613,Patrol Officer,0.8219337736,Assistant Marshal,0.8219278377,Dispatch Supervisor,0.8216092441,Lieutenant,0.8209321817,Special Agent Supervisor,0.820323434,Major,0.8202802879,Sheriff,0.8201215242,Associate Director,0.819966276,,,,,,,,,,,,,,,,,,,,,,,,,,,,,,,,,,,,,,,,,,,,,,,,,,,,,,,,,,,,,,,,,,,,,,,,,,,,,,,,,,,,,,,,,,,,,,,,,,,,,,,,,,,,,,,,,,,,,,,,,,,,,,,,,,,,,,,,,,,,,,,,,,,,,,,,,,,,,,,,,,,,,,,,,,,,,,,,,,,,,,,,,,,,,,,,,,,,,,,,,,,,,,,,,,,,,,,,,,,,,,,,,,,,,,,,,,,,,,,,,,,,,,,,,,,,,,,,,,,,,,,,,,,,,,,,,,,,,,,,,,,,,,,,,,,,,,,,,,,,,,,,,,,,,,,,,,,,,,,,,,,,,,,,,,,,,,,,,,,,,,,,,,,,,,,,,,,,,,,,,,,,,,,,,,,,,,,,,,,,,,,,,,,,,,,,,,,,,,,,,,,,,,,,,,,,,,,,,,,,,,,,,,,,,,,,,,,,,,,,,,,,,,,,,,,,,,,,,,,,,,,,,,,,,,,,,,,,,,,,,,,,,,,,,,,,,,,,,,,,,,,,,,,,,,,,,,,,,,,,,,,,,,,,,,,,,,,,,,,,,,,,,,,,,,,,,,,,,,,,,,,,,,,,,,,,,,,,,,,,,,,,,,,,,,
Cor Off,Officer,0.8537808625,Corrections Officer,0.8357480139,Station Officer,0.83502592,Service Officer,0.8323107264,Parole Officer,0.8283508745,Patrol Officer,0.8259020676,Safety Officer,0.8248944387,Court Security Officer,0.8232547864,Warrant Officer,0.823144124,Conservation Officer,0.8199161947,Corporal,0.8198624778,Security Officer,0.8178133364,Community Resource Officer,0.8157978529,Sheriff,0.8121019012,Trooper,0.8111681771,Deportation Office,0.8094571454,Dispatch,0.8090779465,Chief,0.8089533085,Commander,0.80893854,Detective Corporal,0.8077778162,Training Officer,0.8076045665,Sheriff Deputy,0.8074623807,Special Agent In Charge,0.8066108352,Captain,0.8062232406,Master Patrol Officer,0.8050150522,Undersheriff,0.8047515241,Court Security Sergeant,0.8044664182,Deputy,0.8042552866,Sergeant,0.803466229,Colonel,0.8026222209,,,,,,,,,,,,,,,,,,,,,,,,,,,,,,,,,,,,,,,,,,,,,,,,,,,,,,,,,,,,,,,,,,,,,,,,,,,,,,,,,,,,,,,,,,,,,,,,,,,,,,,,,,,,,,,,,,,,,,,,,,,,,,,,,,,,,,,,,,,,,,,,,,,,,,,,,,,,,,,,,,,,,,,,,,,,,,,,,,,,,,,,,,,,,,,,,,,,,,,,,,,,,,,,,,,,,,,,,,,,,,,,,,,,,,,,,,,,,,,,,,,,,,,,,,,,,,,,,,,,,,,,,,,,,,,,,,,,,,,,,,,,,,,,,,,,,,,,,,,,,,,,,,,,,,,,,,,,,,,,,,,,,,,,,,,,,,,,,,,,,,,,,,,,,,,,,,,,,,,,,,,,,,,,,,,,,,,,,,,,,,,,,,,,,,,,,,,,,,,,,,,,,,,,,,,,,,,,,,,,,,,,,,,,,,,,,,,,,,,,,,,,,,,,,,,,,,,,,,,,,,,,,,,,,,,,,,,,,,,,,,,,,,,,,,,,,,,,,,,,,,,,,,,,,,,,,,,,,,,,,,,,,,,,,,,,,,,,,,,,,,,,,,,,,,,,,,,,,,,,,,,,,,,,,,,,,,,,,,,,,,,,,,,,,,
Shf,Sheriff,0.8223173826,Dispatch,0.804546847,Property,0.8042356352,Sheriff Deputy,0.8027415657,Safety Officer,0.7961400707,Commander,0.7900770178,Marshall,0.7900108823,Special Investigator,0.7899825658,Trooper,0.7890337751,Special Agent,0.7885426464,Ranger,0.7883729838,Senior Investigator,0.7880401511,Officer,0.7874198961,Director,0.7868997886,Service Officer,0.7867801746,Others,0.7865846465,Security Officer,0.7860638269,Supervisor,0.7857394637,Admin,0.7857025151,Deputy,0.785156715,Fire Marshall,0.7850846883,Undersheriff,0.7848659897,Sergeant,0.7847363401,School Resource Officer,0.7831748591,Investigator,0.7829818208,Trainee,0.7812566787,Major,0.7804426318,Manager,0.7803273259,Station Officer,0.7802612486,Colonel,0.7801877855,,,,,,,,,,,,,,,,,,,,,,,,,,,,,,,,,,,,,,,,,,,,,,,,,,,,,,,,,,,,,,,,,,,,,,,,,,,,,,,,,,,,,,,,,,,,,,,,,,,,,,,,,,,,,,,,,,,,,,,,,,,,,,,,,,,,,,,,,,,,,,,,,,,,,,,,,,,,,,,,,,,,,,,,,,,,,,,,,,,,,,,,,,,,,,,,,,,,,,,,,,,,,,,,,,,,,,,,,,,,,,,,,,,,,,,,,,,,,,,,,,,,,,,,,,,,,,,,,,,,,,,,,,,,,,,,,,,,,,,,,,,,,,,,,,,,,,,,,,,,,,,,,,,,,,,,,,,,,,,,,,,,,,,,,,,,,,,,,,,,,,,,,,,,,,,,,,,,,,,,,,,,,,,,,,,,,,,,,,,,,,,,,,,,,,,,,,,,,,,,,,,,,,,,,,,,,,,,,,,,,,,,,,,,,,,,,,,,,,,,,,,,,,,,,,,,,,,,,,,,,,,,,,,,,,,,,,,,,,,,,,,,,,,,,,,,,,,,,,,,,,,,,,,,,,,,,,,,,,,,,,,,,,,,,,,,,,,,,,,,,,,,,,,,,,,,,,,,,,,,,,,,,,,,,,,,,,,,,,,,,,,,,,,,,,
Motor Carrier Inspector Iii,Motor Carrier Inspector,0.9610070545,Special Agent Inspector,0.8449257795,Investigator,0.8318722605,Senior Investigator,0.8317523644,Technical Trooper,0.8277605089,Enforcement Agent,0.8250684509,Trooper,0.8241222147,Chief Investigator,0.8240458468,Crime Scene Investigator,0.8227852821,Special Investigator,0.8224505528,Inspector,0.8222403019,Assistant Supervisory Special Agent,0.8219043587,Patrol Officer,0.816321648,Supervisory Special Agent,0.8151719293,Assistant Marshal,0.8146965234,Special Agent Supervisor,0.8142994072,Drug Enforcement Officer,0.8135482631,Sheriff Deputy,0.8124897427,Master Trooper,0.8114945296,Corrections Officer,0.8113934742,Sergeant Unit Supervisor,0.8104771503,Assistant Supervisor,0.8102248542,Safety Officer,0.8100522129,Supervisor,0.8084098766,Conservation Officer,0.8076499797,Sergeant Detective,0.8076445992,Master Patrol Officer,0.8074025288,Detective Lieutenant,0.806680761,Special Agent,0.8066146719,Senior Special Agent,0.8060009627,,,,,,,,,,,,,,,,,,,,,,,,,,,,,,,,,,,,,,,,,,,,,,,,,,,,,,,,,,,,,,,,,,,,,,,,,,,,,,,,,,,,,,,,,,,,,,,,,,,,,,,,,,,,,,,,,,,,,,,,,,,,,,,,,,,,,,,,,,,,,,,,,,,,,,,,,,,,,,,,,,,,,,,,,,,,,,,,,,,,,,,,,,,,,,,,,,,,,,,,,,,,,,,,,,,,,,,,,,,,,,,,,,,,,,,,,,,,,,,,,,,,,,,,,,,,,,,,,,,,,,,,,,,,,,,,,,,,,,,,,,,,,,,,,,,,,,,,,,,,,,,,,,,,,,,,,,,,,,,,,,,,,,,,,,,,,,,,,,,,,,,,,,,,,,,,,,,,,,,,,,,,,,,,,,,,,,,,,,,,,,,,,,,,,,,,,,,,,,,,,,,,,,,,,,,,,,,,,,,,,,,,,,,,,,,,,,,,,,,,,,,,,,,,,,,,,,,,,,,,,,,,,,,,,,,,,,,,,,,,,,,,,,,,,,,,,,,,,,,,,,,,,,,,,,,,,,,,,,,,,,,,,,,,,,,,,,,,,,,,,,,,,,,,,,,,,,,,,,,,,,,,,,,,,,,,,,,,,,,,,,,,,,,,,,
Corporal Detective,Detective Corporal,0.9438333835,Sergeant Detective,0.92793068,Corporal,0.9228338692,Captain Detective,0.9186490752,Detective,0.9079423476,Detective Lieutenant,0.894623464,Detective Major,0.8899287308,Crime Scene Investigator,0.8845511113,Patrol Officer,0.8781097853,Investigator,0.8780303768,Special Agent Inspector,0.8743289139,Chief Investigator,0.8740949142,Special Agent,0.8734837296,Sergeant,0.8696184314,Special Investigator,0.8599768066,Sheriff Deputy,0.8588825554,Senior Investigator,0.8582765221,Trooper,0.8581463669,Master Patrol Officer,0.8532583205,Enforcement Agent,0.8517282475,Station Officer,0.8510000614,Officer,0.8502885916,Lieutenant,0.8492557294,Sheriff,0.8491504282,Deputy/Forensic Scientist,0.8477693838,Corrections Officer,0.8470634438,Court Security Sergeant,0.8461522443,Senior Special Agent,0.8433624041,Master Trooper,0.842612376,Colonel,0.8422673498,,,,,,,,,,,,,,,,,,,,,,,,,,,,,,,,,,,,,,,,,,,,,,,,,,,,,,,,,,,,,,,,,,,,,,,,,,,,,,,,,,,,,,,,,,,,,,,,,,,,,,,,,,,,,,,,,,,,,,,,,,,,,,,,,,,,,,,,,,,,,,,,,,,,,,,,,,,,,,,,,,,,,,,,,,,,,,,,,,,,,,,,,,,,,,,,,,,,,,,,,,,,,,,,,,,,,,,,,,,,,,,,,,,,,,,,,,,,,,,,,,,,,,,,,,,,,,,,,,,,,,,,,,,,,,,,,,,,,,,,,,,,,,,,,,,,,,,,,,,,,,,,,,,,,,,,,,,,,,,,,,,,,,,,,,,,,,,,,,,,,,,,,,,,,,,,,,,,,,,,,,,,,,,,,,,,,,,,,,,,,,,,,,,,,,,,,,,,,,,,,,,,,,,,,,,,,,,,,,,,,,,,,,,,,,,,,,,,,,,,,,,,,,,,,,,,,,,,,,,,,,,,,,,,,,,,,,,,,,,,,,,,,,,,,,,,,,,,,,,,,,,,,,,,,,,,,,,,,,,,,,,,,,,,,,,,,,,,,,,,,,,,,,,,,,,,,,,,,,,,,,,,,,,,,,,,,,,,,,,,,,,,,,,,,,
Detective Sergeant,Sergeant Detective,0.9613880304,Detective Corporal,0.9463862629,Detective Lieutenant,0.9418504357,Sergeant,0.9382206959,Detective Major,0.9344647125,Detective,0.9282991569,Captain Detective,0.913097837,Senior Investigator,0.891586765,Special Agent Inspector,0.8908265116,Court Security Sergeant,0.8891479144,Chief Investigator,0.8885697502,Sergeant Unit Supervisor,0.8841934643,Crime Scene Investigator,0.8841119042,Patrol Officer,0.8822800887,Investigator,0.8796035353,Special Agent,0.8775408679,Senior Special Agent,0.8751205517,Lieutenant,0.8748274045,Special Investigator,0.8746588538,Sheriff Deputy,0.8739517954,Station Officer,0.8723468257,Sheriff,0.870106525,Safety Officer,0.866816419,Officer,0.866524646,Deputy/Forensic Scientist,0.8658376593,Lieutenant Colonel,0.8640829203,Special Agent In Charge,0.8625917407,Trooper,0.861114682,Service Officer,0.86033805,Special Agent Supervisor,0.8589001303,,,,,,,,,,,,,,,,,,,,,,,,,,,,,,,,,,,,,,,,,,,,,,,,,,,,,,,,,,,,,,,,,,,,,,,,,,,,,,,,,,,,,,,,,,,,,,,,,,,,,,,,,,,,,,,,,,,,,,,,,,,,,,,,,,,,,,,,,,,,,,,,,,,,,,,,,,,,,,,,,,,,,,,,,,,,,,,,,,,,,,,,,,,,,,,,,,,,,,,,,,,,,,,,,,,,,,,,,,,,,,,,,,,,,,,,,,,,,,,,,,,,,,,,,,,,,,,,,,,,,,,,,,,,,,,,,,,,,,,,,,,,,,,,,,,,,,,,,,,,,,,,,,,,,,,,,,,,,,,,,,,,,,,,,,,,,,,,,,,,,,,,,,,,,,,,,,,,,,,,,,,,,,,,,,,,,,,,,,,,,,,,,,,,,,,,,,,,,,,,,,,,,,,,,,,,,,,,,,,,,,,,,,,,,,,,,,,,,,,,,,,,,,,,,,,,,,,,,,,,,,,,,,,,,,,,,,,,,,,,,,,,,,,,,,,,,,,,,,,,,,,,,,,,,,,,,,,,,,,,,,,,,,,,,,,,,,,,,,,,,,,,,,,,,,,,,,,,,,,,,,,,,,,,,,,,,,,,,,,,,,,,,,,,,,